-- phpMyAdmin SQL Dump
-- version 4.8.3
-- https://www.phpmyadmin.net/
--
-- Хост: 127.0.0.1:3306
-- Время создания: Июн 08 2020 г., 12:41
-- Версия сервера: 8.0.12
-- Версия PHP: 7.2.10

SET SQL_MODE = "NO_AUTO_VALUE_ON_ZERO";
SET AUTOCOMMIT = 0;
START TRANSACTION;
SET time_zone = "+00:00";


/*!40101 SET @OLD_CHARACTER_SET_CLIENT=@@CHARACTER_SET_CLIENT */;
/*!40101 SET @OLD_CHARACTER_SET_RESULTS=@@CHARACTER_SET_RESULTS */;
/*!40101 SET @OLD_COLLATION_CONNECTION=@@COLLATION_CONNECTION */;
/*!40101 SET NAMES utf8mb4 */;

--
-- База данных: `tender_amd`
--

-- --------------------------------------------------------

--
-- Структура таблицы `contacts`
--

CREATE TABLE `contacts` (
  `id` tinyint(2) NOT NULL,
  `title` varchar(256) NOT NULL,
  `info` varchar(1024) NOT NULL,
  `type` varchar(256) DEFAULT NULL,
  `contact` varchar(256) DEFAULT NULL,
  `specchar` varchar(10) DEFAULT NULL
) ENGINE=InnoDB DEFAULT CHARSET=utf8;

--
-- Дамп данных таблицы `contacts`
--

INSERT INTO `contacts` (`id`, `title`, `info`, `type`, `contact`, `specchar`) VALUES
(1, 'телефон', '+7 123 456-78-90', 'tel', '+71234567890', '&#9742;'),
(2, 'электронная почта', 'tenderAMD@amdel.ru', 'mailto', 'tenderAMD@amdel.ru', '&#9993;'),
(3, 'почтовый адрес', '123456, г.Москва, Ленинградский проспект, д.33, стр.1, ', NULL, NULL, '&#10002;'),
(4, 'проезд', 'метро \"Динамо\", БЦ \"Монарх\"', NULL, NULL, '&#127970;');

-- --------------------------------------------------------

--
-- Структура таблицы `log`
--

CREATE TABLE `log` (
  `id` int(14) NOT NULL,
  `user` int(14) NOT NULL,
  `tender` int(5) DEFAULT NULL,
  `download` tinyint(4) DEFAULT NULL,
  `date_time` timestamp NOT NULL DEFAULT CURRENT_TIMESTAMP,
  `operation` varchar(256) DEFAULT NULL
) ENGINE=InnoDB DEFAULT CHARSET=utf8;

-- --------------------------------------------------------

--
-- Структура таблицы `project`
--

CREATE TABLE `project` (
  `id` int(3) NOT NULL,
  `uid` int(11) NOT NULL,
  `name` text NOT NULL
) ENGINE=InnoDB DEFAULT CHARSET=utf8;

--
-- Дамп данных таблицы `project`
--

INSERT INTO `project` (`id`, `uid`, `name`) VALUES
(1, 0, 'проект 1'),
(2, 0, 'проект 2'),
(3, 0, 'проект 3'),
(4, 0, 'проект 4');

-- --------------------------------------------------------

--
-- Структура таблицы `tenders`
--

CREATE TABLE `tenders` (
  `id` int(5) NOT NULL,
  `delete` tinyint(1) NOT NULL DEFAULT '0',
  `close` tinyint(1) NOT NULL DEFAULT '0',
  `type` int(2) DEFAULT NULL,
  `project` int(3) DEFAULT NULL,
  `description` text CHARACTER SET utf8 COLLATE utf8_general_ci,
  `date_open` date NOT NULL,
  `date_close` date NOT NULL,
  `documents` varchar(2048) CHARACTER SET utf8 COLLATE utf8_general_ci DEFAULT NULL
) ENGINE=InnoDB DEFAULT CHARSET=utf8;

--
-- Дамп данных таблицы `tenders`
--

INSERT INTO `tenders` (`id`, `delete`, `close`, `type`, `project`, `description`, `date_open`, `date_close`, `documents`) VALUES
(1, 0, 1, 2, 3, 'тендер №1: проект 3; тип 2; дата начала: 2016-04-04; окончание приема заявок: 2016-04-24. тендер закрыт: да', '2016-04-24', '2016-04-24', 'tenderDoc1.zip'),
(2, 0, 1, 8, 4, 'тендер №2: проект 4; тип 8; дата начала: 2019-11-01; окончание приема заявок: 2019-11-20. тендер закрыт: да', '2019-11-20', '2019-11-20', 'tenderDoc2.zip'),
(3, 0, 0, 5, 1, 'тендер №3: проект 1; тип 5; дата начала: 2017-01-05; окончание приема заявок: 2017-01-24. тендер закрыт: нет', '2017-01-24', '2017-01-24', 'tenderDoc3.zip'),
(4, 0, 1, 1, 3, 'тендер №4: проект 3; тип 1; дата начала: 2015-09-23; окончание приема заявок: 2015-10-08. тендер закрыт: да', '2015-10-08', '2015-10-08', 'tenderDoc4.zip'),
(5, 0, 0, 7, 3, 'тендер №5: проект 3; тип 7; дата начала: 2015-05-07; окончание приема заявок: 2015-05-26. тендер закрыт: нет', '2015-05-26', '2015-05-26', 'tenderDoc5.zip'),
(6, 0, 1, 6, 2, 'тендер №6: проект 2; тип 6; дата начала: 2015-07-11; окончание приема заявок: 2015-07-26. тендер закрыт: да', '2015-07-26', '2015-07-26', 'tenderDoc6.zip'),
(7, 0, 0, 5, 1, 'тендер №7: проект 1; тип 5; дата начала: 2020-10-06; окончание приема заявок: 2020-10-22. тендер закрыт: нет', '2020-10-22', '2020-10-22', 'tenderDoc7.zip'),
(8, 0, 0, 3, 1, 'тендер №8: проект 1; тип 3; дата начала: 2018-07-20; окончание приема заявок: 2018-08-06. тендер закрыт: нет', '2018-08-06', '2018-08-06', 'tenderDoc8.zip'),
(9, 0, 1, 1, 2, 'тендер №9: проект 2; тип 1; дата начала: 2015-02-04; окончание приема заявок: 2015-02-21. тендер закрыт: да', '2015-02-21', '2015-02-21', 'tenderDoc9.zip'),
(10, 0, 0, 4, 3, 'тендер №10: проект 3; тип 4; дата начала: 2016-06-08; окончание приема заявок: 2016-06-28. тендер закрыт: нет', '2016-06-28', '2016-06-28', 'tenderDoc10.zip'),
(11, 0, 0, 1, 2, 'тендер №11: проект 2; тип 1; дата начала: 2017-01-20; окончание приема заявок: 2017-02-07. тендер закрыт: нет', '2017-02-07', '2017-02-07', 'tenderDoc11.zip'),
(12, 0, 0, 4, 2, 'тендер №12: проект 2; тип 4; дата начала: 2018-04-05; окончание приема заявок: 2018-04-20. тендер закрыт: нет', '2018-04-20', '2018-04-20', 'tenderDoc12.zip'),
(13, 0, 0, 7, 4, 'тендер №13: проект 4; тип 7; дата начала: 2015-02-17; окончание приема заявок: 2015-03-07. тендер закрыт: нет', '2015-03-07', '2015-03-07', 'tenderDoc13.zip'),
(14, 0, 0, 3, 2, 'тендер №14: проект 2; тип 3; дата начала: 2019-10-06; окончание приема заявок: 2019-10-23. тендер закрыт: нет', '2019-10-23', '2019-10-23', 'tenderDoc14.zip'),
(15, 0, 1, 2, 1, 'тендер №15: проект 1; тип 2; дата начала: 2018-03-09; окончание приема заявок: 2018-03-24. тендер закрыт: да', '2018-03-24', '2018-03-24', 'tenderDoc15.zip'),
(16, 0, 0, 3, 3, 'тендер №16: проект 3; тип 3; дата начала: 2017-01-05; окончание приема заявок: 2017-01-22. тендер закрыт: нет', '2017-01-22', '2017-01-22', 'tenderDoc16.zip'),
(17, 0, 1, 4, 4, 'тендер №17: проект 4; тип 4; дата начала: 2018-09-11; окончание приема заявок: 2018-09-28. тендер закрыт: да', '2018-09-28', '2018-09-28', 'tenderDoc17.zip'),
(18, 0, 0, 7, 1, 'тендер №18: проект 1; тип 7; дата начала: 2019-11-04; окончание приема заявок: 2019-11-21. тендер закрыт: нет', '2019-11-21', '2019-11-21', 'tenderDoc18.zip'),
(19, 0, 0, 7, 3, 'тендер №19: проект 3; тип 7; дата начала: 2020-06-11; окончание приема заявок: 2020-06-28. тендер закрыт: нет', '2020-06-28', '2020-06-28', 'tenderDoc19.zip'),
(20, 0, 1, 2, 2, 'тендер №20: проект 2; тип 2; дата начала: 2020-12-14; окончание приема заявок: 2020-12-31. тендер закрыт: да', '2020-12-31', '2020-12-31', 'tenderDoc20.zip'),
(21, 0, 1, 5, 1, 'тендер №21: проект 1; тип 5; дата начала: 2015-05-04; окончание приема заявок: 2015-05-19. тендер закрыт: да', '2015-05-19', '2015-05-19', 'tenderDoc21.zip'),
(22, 0, 1, 6, 2, 'тендер №22: проект 2; тип 6; дата начала: 2017-02-07; окончание приема заявок: 2017-02-22. тендер закрыт: да', '2017-02-22', '2017-02-22', 'tenderDoc22.zip'),
(23, 0, 1, 1, 2, 'тендер №23: проект 2; тип 1; дата начала: 2020-01-11; окончание приема заявок: 2020-01-31. тендер закрыт: да', '2020-01-31', '2020-01-31', 'tenderDoc23.zip'),
(24, 0, 0, 1, 3, 'тендер №24: проект 3; тип 1; дата начала: 2016-09-08; окончание приема заявок: 2016-09-28. тендер закрыт: нет', '2016-09-28', '2016-09-28', 'tenderDoc24.zip'),
(25, 0, 0, 5, 2, 'тендер №25: проект 2; тип 5; дата начала: 2015-10-23; окончание приема заявок: 2015-11-12. тендер закрыт: нет', '2015-11-12', '2015-11-12', 'tenderDoc25.zip'),
(26, 0, 0, 3, 2, 'тендер №26: проект 2; тип 3; дата начала: 2019-08-11; окончание приема заявок: 2019-08-28. тендер закрыт: нет', '2019-08-28', '2019-08-28', 'tenderDoc26.zip'),
(27, 0, 1, 7, 4, 'тендер №27: проект 4; тип 7; дата начала: 2019-01-28; окончание приема заявок: 2019-02-12. тендер закрыт: да', '2019-02-12', '2019-02-12', 'tenderDoc27.zip'),
(28, 0, 0, 1, 4, 'тендер №28: проект 4; тип 1; дата начала: 2018-10-16; окончание приема заявок: 2018-11-02. тендер закрыт: нет', '2018-11-02', '2018-11-02', 'tenderDoc28.zip'),
(29, 0, 1, 4, 2, 'тендер №29: проект 2; тип 4; дата начала: 2020-03-15; окончание приема заявок: 2020-04-04. тендер закрыт: да', '2020-04-04', '2020-04-04', 'tenderDoc29.zip'),
(30, 0, 0, 8, 3, 'тендер №30: проект 3; тип 8; дата начала: 2018-02-09; окончание приема заявок: 2018-02-26. тендер закрыт: нет', '2018-02-26', '2018-02-26', 'tenderDoc30.zip'),
(31, 0, 0, 7, 1, 'тендер №31: проект 1; тип 7; дата начала: 2018-10-25; окончание приема заявок: 2018-11-09. тендер закрыт: нет', '2018-11-09', '2018-11-09', 'tenderDoc31.zip'),
(32, 0, 0, 8, 4, 'тендер №32: проект 4; тип 8; дата начала: 2016-06-01; окончание приема заявок: 2016-06-20. тендер закрыт: нет', '2016-06-20', '2016-06-20', 'tenderDoc32.zip'),
(33, 0, 1, 8, 3, 'тендер №33: проект 3; тип 8; дата начала: 2016-04-10; окончание приема заявок: 2016-04-26. тендер закрыт: да', '2016-04-26', '2016-04-26', 'tenderDoc33.zip'),
(34, 0, 1, 5, 2, 'тендер №34: проект 2; тип 5; дата начала: 2018-04-27; окончание приема заявок: 2018-05-12. тендер закрыт: да', '2018-05-12', '2018-05-12', 'tenderDoc34.zip'),
(35, 0, 0, 5, 2, 'тендер №35: проект 2; тип 5; дата начала: 2019-11-04; окончание приема заявок: 2019-11-20. тендер закрыт: нет', '2019-11-20', '2019-11-20', 'tenderDoc35.zip'),
(36, 0, 0, 1, 3, 'тендер №36: проект 3; тип 1; дата начала: 2018-06-13; окончание приема заявок: 2018-06-28. тендер закрыт: нет', '2018-06-28', '2018-06-28', 'tenderDoc36.zip'),
(37, 0, 1, 7, 4, 'тендер №37: проект 4; тип 7; дата начала: 2016-02-27; окончание приема заявок: 2016-03-13. тендер закрыт: да', '2016-03-13', '2016-03-13', 'tenderDoc37.zip'),
(38, 0, 1, 4, 4, 'тендер №38: проект 4; тип 4; дата начала: 2017-01-05; окончание приема заявок: 2017-01-20. тендер закрыт: да', '2017-01-20', '2017-01-20', 'tenderDoc38.zip'),
(39, 0, 1, 7, 2, 'тендер №39: проект 2; тип 7; дата начала: 2016-11-12; окончание приема заявок: 2016-12-02. тендер закрыт: да', '2016-12-02', '2016-12-02', 'tenderDoc39.zip'),
(40, 0, 1, 5, 2, 'тендер №40: проект 2; тип 5; дата начала: 2018-06-17; окончание приема заявок: 2018-07-07. тендер закрыт: да', '2018-07-07', '2018-07-07', 'tenderDoc40.zip'),
(41, 0, 0, 7, 4, 'тендер №41: проект 4; тип 7; дата начала: 2019-01-11; окончание приема заявок: 2019-01-27. тендер закрыт: нет', '2019-01-27', '2019-01-27', 'tenderDoc41.zip'),
(42, 0, 0, 6, 1, 'тендер №42: проект 1; тип 6; дата начала: 2016-08-28; окончание приема заявок: 2016-09-12. тендер закрыт: нет', '2016-09-12', '2016-09-12', 'tenderDoc42.zip'),
(43, 0, 0, 7, 1, 'тендер №43: проект 1; тип 7; дата начала: 2017-02-06; окончание приема заявок: 2017-02-22. тендер закрыт: нет', '2017-02-22', '2017-02-22', 'tenderDoc43.zip'),
(44, 0, 1, 3, 3, 'тендер №44: проект 3; тип 3; дата начала: 2015-07-02; окончание приема заявок: 2015-07-19. тендер закрыт: да', '2015-07-19', '2015-07-19', 'tenderDoc44.zip'),
(45, 0, 1, 2, 2, 'тендер №45: проект 2; тип 2; дата начала: 2017-09-20; окончание приема заявок: 2017-10-10. тендер закрыт: да', '2017-10-10', '2017-10-10', 'tenderDoc45.zip'),
(46, 0, 1, 7, 2, 'тендер №46: проект 2; тип 7; дата начала: 2020-06-04; окончание приема заявок: 2020-06-22. тендер закрыт: да', '2020-06-22', '2020-06-22', 'tenderDoc46.zip'),
(47, 0, 0, 3, 4, 'тендер №47: проект 4; тип 3; дата начала: 2019-11-10; окончание приема заявок: 2019-11-30. тендер закрыт: нет', '2019-11-30', '2019-11-30', 'tenderDoc47.zip'),
(48, 0, 0, 5, 2, 'тендер №48: проект 2; тип 5; дата начала: 2016-07-16; окончание приема заявок: 2016-08-01. тендер закрыт: нет', '2016-08-01', '2016-08-01', 'tenderDoc48.zip'),
(49, 0, 1, 5, 2, 'тендер №49: проект 2; тип 5; дата начала: 2016-05-27; окончание приема заявок: 2016-06-11. тендер закрыт: да', '2016-06-11', '2016-06-11', 'tenderDoc49.zip'),
(50, 0, 0, 6, 3, 'тендер №50: проект 3; тип 6; дата начала: 2018-07-12; окончание приема заявок: 2018-07-29. тендер закрыт: нет', '2018-07-29', '2018-07-29', 'tenderDoc50.zip'),
(51, 0, 1, 5, 2, 'тендер №51: проект 2; тип 5; дата начала: 2020-07-16; окончание приема заявок: 2020-07-31. тендер закрыт: да', '2020-07-31', '2020-07-31', 'tenderDoc51.zip'),
(52, 0, 0, 1, 2, 'тендер №52: проект 2; тип 1; дата начала: 2016-02-09; окончание приема заявок: 2016-02-24. тендер закрыт: нет', '2016-02-24', '2016-02-24', 'tenderDoc52.zip'),
(53, 0, 1, 6, 3, 'тендер №53: проект 3; тип 6; дата начала: 2016-08-26; окончание приема заявок: 2016-09-10. тендер закрыт: да', '2016-09-10', '2016-09-10', 'tenderDoc53.zip'),
(54, 0, 1, 7, 1, 'тендер №54: проект 1; тип 7; дата начала: 2018-05-08; окончание приема заявок: 2018-05-25. тендер закрыт: да', '2018-05-25', '2018-05-25', 'tenderDoc54.zip'),
(55, 0, 0, 8, 1, 'тендер №55: проект 1; тип 8; дата начала: 2019-11-11; окончание приема заявок: 2019-11-28. тендер закрыт: нет', '2019-11-28', '2019-11-28', 'tenderDoc55.zip'),
(56, 0, 0, 6, 2, 'тендер №56: проект 2; тип 6; дата начала: 2018-04-28; окончание приема заявок: 2018-05-13. тендер закрыт: нет', '2018-05-13', '2018-05-13', 'tenderDoc56.zip'),
(57, 0, 1, 1, 4, 'тендер №57: проект 4; тип 1; дата начала: 2020-09-22; окончание приема заявок: 2020-10-08. тендер закрыт: да', '2020-10-08', '2020-10-08', 'tenderDoc57.zip'),
(58, 0, 0, 8, 1, 'тендер №58: проект 1; тип 8; дата начала: 2016-09-06; окончание приема заявок: 2016-09-26. тендер закрыт: нет', '2016-09-26', '2016-09-26', 'tenderDoc58.zip'),
(59, 0, 0, 3, 3, 'тендер №59: проект 3; тип 3; дата начала: 2017-06-08; окончание приема заявок: 2017-06-25. тендер закрыт: нет', '2017-06-25', '2017-06-25', 'tenderDoc59.zip'),
(60, 0, 0, 1, 3, 'тендер №60: проект 3; тип 1; дата начала: 2019-08-03; окончание приема заявок: 2019-08-21. тендер закрыт: нет', '2019-08-21', '2019-08-21', 'tenderDoc60.zip'),
(61, 0, 0, 8, 2, 'тендер №61: проект 2; тип 8; дата начала: 2019-09-23; окончание приема заявок: 2019-10-12. тендер закрыт: нет', '2019-10-12', '2019-10-12', 'tenderDoc61.zip'),
(62, 0, 0, 4, 1, 'тендер №62: проект 1; тип 4; дата начала: 2019-12-20; окончание приема заявок: 2020-01-07. тендер закрыт: нет', '2020-01-07', '2020-01-07', 'tenderDoc62.zip'),
(63, 0, 0, 6, 4, 'тендер №63: проект 4; тип 6; дата начала: 2018-10-16; окончание приема заявок: 2018-11-03. тендер закрыт: нет', '2018-11-03', '2018-11-03', 'tenderDoc63.zip'),
(64, 0, 0, 3, 3, 'тендер №64: проект 3; тип 3; дата начала: 2019-01-11; окончание приема заявок: 2019-01-28. тендер закрыт: нет', '2019-01-28', '2019-01-28', 'tenderDoc64.zip'),
(65, 0, 1, 1, 4, 'тендер №65: проект 4; тип 1; дата начала: 2017-11-23; окончание приема заявок: 2017-12-12. тендер закрыт: да', '2017-12-12', '2017-12-12', 'tenderDoc65.zip'),
(66, 0, 0, 2, 4, 'тендер №66: проект 4; тип 2; дата начала: 2015-08-03; окончание приема заявок: 2015-08-18. тендер закрыт: нет', '2015-08-18', '2015-08-18', 'tenderDoc66.zip'),
(67, 0, 1, 7, 1, 'тендер №67: проект 1; тип 7; дата начала: 2017-11-22; окончание приема заявок: 2017-12-07. тендер закрыт: да', '2017-12-07', '2017-12-07', 'tenderDoc67.zip'),
(68, 0, 0, 2, 2, 'тендер №68: проект 2; тип 2; дата начала: 2017-06-24; окончание приема заявок: 2017-07-10. тендер закрыт: нет', '2017-07-10', '2017-07-10', 'tenderDoc68.zip'),
(69, 0, 0, 2, 3, 'тендер №69: проект 3; тип 2; дата начала: 2020-02-27; окончание приема заявок: 2020-03-13. тендер закрыт: нет', '2020-03-13', '2020-03-13', 'tenderDoc69.zip'),
(70, 0, 1, 1, 2, 'тендер №70: проект 2; тип 1; дата начала: 2016-12-17; окончание приема заявок: 2017-01-05. тендер закрыт: да', '2017-01-05', '2017-01-05', 'tenderDoc70.zip'),
(71, 0, 1, 8, 1, 'тендер №71: проект 1; тип 8; дата начала: 2015-11-20; окончание приема заявок: 2015-12-08. тендер закрыт: да', '2015-12-08', '2015-12-08', 'tenderDoc71.zip'),
(72, 0, 0, 1, 1, 'тендер №72: проект 1; тип 1; дата начала: 2020-01-18; окончание приема заявок: 2020-02-02. тендер закрыт: нет', '2020-02-02', '2020-02-02', 'tenderDoc72.zip'),
(73, 0, 1, 6, 4, 'тендер №73: проект 4; тип 6; дата начала: 2019-02-22; окончание приема заявок: 2019-03-12. тендер закрыт: да', '2019-03-12', '2019-03-12', 'tenderDoc73.zip'),
(74, 0, 0, 2, 1, 'тендер №74: проект 1; тип 2; дата начала: 2015-03-02; окончание приема заявок: 2015-03-18. тендер закрыт: нет', '2015-03-18', '2015-03-18', 'tenderDoc74.zip'),
(75, 0, 1, 8, 1, 'тендер №75: проект 1; тип 8; дата начала: 2020-06-13; окончание приема заявок: 2020-07-03. тендер закрыт: да', '2020-07-03', '2020-07-03', 'tenderDoc75.zip'),
(76, 0, 1, 2, 4, 'тендер №76: проект 4; тип 2; дата начала: 2020-12-10; окончание приема заявок: 2020-12-28. тендер закрыт: да', '2020-12-28', '2020-12-28', 'tenderDoc76.zip'),
(77, 0, 1, 7, 3, 'тендер №77: проект 3; тип 7; дата начала: 2017-01-01; окончание приема заявок: 2017-01-19. тендер закрыт: да', '2017-01-19', '2017-01-19', 'tenderDoc77.zip'),
(78, 0, 0, 8, 4, 'тендер №78: проект 4; тип 8; дата начала: 2015-05-13; окончание приема заявок: 2015-05-28. тендер закрыт: нет', '2015-05-28', '2015-05-28', 'tenderDoc78.zip'),
(79, 0, 0, 8, 1, 'тендер №79: проект 1; тип 8; дата начала: 2016-02-22; окончание приема заявок: 2016-03-11. тендер закрыт: нет', '2016-03-11', '2016-03-11', 'tenderDoc79.zip'),
(80, 0, 1, 6, 2, 'тендер №80: проект 2; тип 6; дата начала: 2016-04-20; окончание приема заявок: 2016-05-09. тендер закрыт: да', '2016-05-09', '2016-05-09', 'tenderDoc80.zip'),
(81, 0, 1, 5, 4, 'тендер №81: проект 4; тип 5; дата начала: 2016-11-07; окончание приема заявок: 2016-11-25. тендер закрыт: да', '2016-11-25', '2016-11-25', 'tenderDoc81.zip'),
(82, 0, 1, 3, 2, 'тендер №82: проект 2; тип 3; дата начала: 2015-06-12; окончание приема заявок: 2015-06-28. тендер закрыт: да', '2015-06-28', '2015-06-28', 'tenderDoc82.zip'),
(83, 0, 1, 1, 3, 'тендер №83: проект 3; тип 1; дата начала: 2020-02-09; окончание приема заявок: 2020-02-28. тендер закрыт: да', '2020-02-28', '2020-02-28', 'tenderDoc83.zip'),
(84, 0, 0, 6, 2, 'тендер №84: проект 2; тип 6; дата начала: 2019-07-20; окончание приема заявок: 2019-08-08. тендер закрыт: нет', '2019-08-08', '2019-08-08', 'tenderDoc84.zip'),
(85, 0, 1, 7, 4, 'тендер №85: проект 4; тип 7; дата начала: 2018-04-01; окончание приема заявок: 2018-04-20. тендер закрыт: да', '2018-04-20', '2018-04-20', 'tenderDoc85.zip'),
(86, 0, 0, 3, 2, 'тендер №86: проект 2; тип 3; дата начала: 2015-07-06; окончание приема заявок: 2015-07-25. тендер закрыт: нет', '2015-07-25', '2015-07-25', 'tenderDoc86.zip'),
(87, 0, 1, 3, 3, 'тендер №87: проект 3; тип 3; дата начала: 2016-07-22; окончание приема заявок: 2016-08-10. тендер закрыт: да', '2016-08-10', '2016-08-10', 'tenderDoc87.zip'),
(88, 0, 1, 3, 2, 'тендер №88: проект 2; тип 3; дата начала: 2017-03-04; окончание приема заявок: 2017-03-23. тендер закрыт: да', '2017-03-23', '2017-03-23', 'tenderDoc88.zip'),
(89, 0, 1, 8, 4, 'тендер №89: проект 4; тип 8; дата начала: 2017-02-03; окончание приема заявок: 2017-02-20. тендер закрыт: да', '2017-02-20', '2017-02-20', 'tenderDoc89.zip'),
(90, 0, 0, 3, 4, 'тендер №90: проект 4; тип 3; дата начала: 2020-04-13; окончание приема заявок: 2020-04-28. тендер закрыт: нет', '2020-04-28', '2020-04-28', 'tenderDoc90.zip'),
(91, 0, 0, 7, 2, 'тендер №91: проект 2; тип 7; дата начала: 2020-07-22; окончание приема заявок: 2020-08-10. тендер закрыт: нет', '2020-08-10', '2020-08-10', 'tenderDoc91.zip'),
(92, 0, 0, 3, 2, 'тендер №92: проект 2; тип 3; дата начала: 2016-09-14; окончание приема заявок: 2016-09-30. тендер закрыт: нет', '2016-09-30', '2016-09-30', 'tenderDoc92.zip'),
(93, 0, 1, 4, 2, 'тендер №93: проект 2; тип 4; дата начала: 2018-03-08; окончание приема заявок: 2018-03-25. тендер закрыт: да', '2018-03-25', '2018-03-25', 'tenderDoc93.zip'),
(94, 0, 1, 1, 2, 'тендер №94: проект 2; тип 1; дата начала: 2018-10-13; окончание приема заявок: 2018-11-02. тендер закрыт: да', '2018-11-02', '2018-11-02', 'tenderDoc94.zip'),
(95, 0, 0, 1, 4, 'тендер №95: проект 4; тип 1; дата начала: 2018-07-20; окончание приема заявок: 2018-08-05. тендер закрыт: нет', '2018-08-05', '2018-08-05', 'tenderDoc95.zip'),
(96, 0, 1, 6, 2, 'тендер №96: проект 2; тип 6; дата начала: 2015-09-22; окончание приема заявок: 2015-10-07. тендер закрыт: да', '2015-10-07', '2015-10-07', 'tenderDoc96.zip'),
(97, 0, 0, 2, 1, 'тендер №97: проект 1; тип 2; дата начала: 2018-04-05; окончание приема заявок: 2018-04-20. тендер закрыт: нет', '2018-04-20', '2018-04-20', 'tenderDoc97.zip'),
(98, 0, 1, 7, 2, 'тендер №98: проект 2; тип 7; дата начала: 2018-08-14; окончание приема заявок: 2018-09-03. тендер закрыт: да', '2018-09-03', '2018-09-03', 'tenderDoc98.zip'),
(99, 0, 1, 6, 2, 'тендер №99: проект 2; тип 6; дата начала: 2016-05-03; окончание приема заявок: 2016-05-21. тендер закрыт: да', '2016-05-21', '2016-05-21', 'tenderDoc99.zip'),
(100, 0, 1, 5, 3, 'тендер №100: проект 3; тип 5; дата начала: 2020-12-06; окончание приема заявок: 2020-12-21. тендер закрыт: да', '2020-12-21', '2020-12-21', 'tenderDoc100.zip'),
(101, 0, 0, 2, 2, 'тендер №101: проект 2; тип 2; дата начала: 2015-11-10; окончание приема заявок: 2015-11-29. тендер закрыт: нет', '2015-11-29', '2015-11-29', 'tenderDoc101.zip'),
(102, 0, 1, 7, 1, 'тендер №102: проект 1; тип 7; дата начала: 2019-11-26; окончание приема заявок: 2019-12-13. тендер закрыт: да', '2019-12-13', '2019-12-13', 'tenderDoc102.zip'),
(103, 0, 0, 5, 2, 'тендер №103: проект 2; тип 5; дата начала: 2018-09-23; окончание приема заявок: 2018-10-13. тендер закрыт: нет', '2018-10-13', '2018-10-13', 'tenderDoc103.zip'),
(104, 0, 0, 8, 4, 'тендер №104: проект 4; тип 8; дата начала: 2016-01-27; окончание приема заявок: 2016-02-15. тендер закрыт: нет', '2016-02-15', '2016-02-15', 'tenderDoc104.zip'),
(105, 0, 1, 2, 2, 'тендер №105: проект 2; тип 2; дата начала: 2019-09-20; окончание приема заявок: 2019-10-05. тендер закрыт: да', '2019-10-05', '2019-10-05', 'tenderDoc105.zip'),
(106, 0, 0, 7, 2, 'тендер №106: проект 2; тип 7; дата начала: 2019-08-13; окончание приема заявок: 2019-09-02. тендер закрыт: нет', '2019-09-02', '2019-09-02', 'tenderDoc106.zip'),
(107, 0, 0, 2, 2, 'тендер №107: проект 2; тип 2; дата начала: 2020-10-18; окончание приема заявок: 2020-11-04. тендер закрыт: нет', '2020-11-04', '2020-11-04', 'tenderDoc107.zip'),
(108, 0, 1, 1, 3, 'тендер №108: проект 3; тип 1; дата начала: 2019-03-04; окончание приема заявок: 2019-03-19. тендер закрыт: да', '2019-03-19', '2019-03-19', 'tenderDoc108.zip'),
(109, 0, 0, 8, 1, 'тендер №109: проект 1; тип 8; дата начала: 2017-08-08; окончание приема заявок: 2017-08-26. тендер закрыт: нет', '2017-08-26', '2017-08-26', 'tenderDoc109.zip'),
(110, 0, 1, 2, 1, 'тендер №110: проект 1; тип 2; дата начала: 2016-10-25; окончание приема заявок: 2016-11-12. тендер закрыт: да', '2016-11-12', '2016-11-12', 'tenderDoc110.zip'),
(111, 0, 0, 5, 1, 'тендер №111: проект 1; тип 5; дата начала: 2015-11-25; окончание приема заявок: 2015-12-15. тендер закрыт: нет', '2015-12-15', '2015-12-15', 'tenderDoc111.zip'),
(112, 0, 1, 4, 1, 'тендер №112: проект 1; тип 4; дата начала: 2019-04-10; окончание приема заявок: 2019-04-28. тендер закрыт: да', '2019-04-28', '2019-04-28', 'tenderDoc112.zip'),
(113, 0, 0, 7, 1, 'тендер №113: проект 1; тип 7; дата начала: 2019-03-23; окончание приема заявок: 2019-04-08. тендер закрыт: нет', '2019-04-08', '2019-04-08', 'tenderDoc113.zip'),
(114, 0, 0, 1, 1, 'тендер №114: проект 1; тип 1; дата начала: 2016-05-25; окончание приема заявок: 2016-06-11. тендер закрыт: нет', '2016-06-11', '2016-06-11', 'tenderDoc114.zip'),
(115, 0, 0, 2, 2, 'тендер №115: проект 2; тип 2; дата начала: 2018-03-02; окончание приема заявок: 2018-03-19. тендер закрыт: нет', '2018-03-19', '2018-03-19', 'tenderDoc115.zip'),
(116, 0, 0, 8, 3, 'тендер №116: проект 3; тип 8; дата начала: 2016-09-23; окончание приема заявок: 2016-10-12. тендер закрыт: нет', '2016-10-12', '2016-10-12', 'tenderDoc116.zip'),
(117, 0, 1, 1, 2, 'тендер №117: проект 2; тип 1; дата начала: 2017-08-07; окончание приема заявок: 2017-08-27. тендер закрыт: да', '2017-08-27', '2017-08-27', 'tenderDoc117.zip'),
(118, 0, 1, 4, 1, 'тендер №118: проект 1; тип 4; дата начала: 2019-09-19; окончание приема заявок: 2019-10-09. тендер закрыт: да', '2019-10-09', '2019-10-09', 'tenderDoc118.zip'),
(119, 0, 0, 7, 4, 'тендер №119: проект 4; тип 7; дата начала: 2015-04-28; окончание приема заявок: 2015-05-15. тендер закрыт: нет', '2015-05-15', '2015-05-15', 'tenderDoc119.zip'),
(120, 0, 0, 4, 3, 'тендер №120: проект 3; тип 4; дата начала: 2020-03-02; окончание приема заявок: 2020-03-21. тендер закрыт: нет', '2020-03-21', '2020-03-21', 'tenderDoc120.zip'),
(121, 0, 1, 2, 2, 'тендер №121: проект 2; тип 2; дата начала: 2018-02-03; окончание приема заявок: 2018-02-20. тендер закрыт: да', '2018-02-20', '2018-02-20', 'tenderDoc121.zip'),
(122, 0, 1, 1, 1, 'тендер №122: проект 1; тип 1; дата начала: 2020-05-23; окончание приема заявок: 2020-06-10. тендер закрыт: да', '2020-06-10', '2020-06-10', 'tenderDoc122.zip'),
(123, 0, 0, 4, 2, 'тендер №123: проект 2; тип 4; дата начала: 2019-03-16; окончание приема заявок: 2019-03-31. тендер закрыт: нет', '2019-03-31', '2019-03-31', 'tenderDoc123.zip'),
(124, 0, 0, 1, 1, 'тендер №124: проект 1; тип 1; дата начала: 2017-10-12; окончание приема заявок: 2017-10-29. тендер закрыт: нет', '2017-10-29', '2017-10-29', 'tenderDoc124.zip'),
(125, 0, 0, 7, 3, 'тендер №125: проект 3; тип 7; дата начала: 2016-08-16; окончание приема заявок: 2016-08-31. тендер закрыт: нет', '2016-08-31', '2016-08-31', 'tenderDoc125.zip'),
(126, 0, 1, 8, 2, 'тендер №126: проект 2; тип 8; дата начала: 2019-07-05; окончание приема заявок: 2019-07-20. тендер закрыт: да', '2019-07-20', '2019-07-20', 'tenderDoc126.zip'),
(127, 0, 0, 7, 2, 'тендер №127: проект 2; тип 7; дата начала: 2016-01-07; окончание приема заявок: 2016-01-26. тендер закрыт: нет', '2016-01-26', '2016-01-26', 'tenderDoc127.zip'),
(128, 0, 0, 3, 2, 'тендер №128: проект 2; тип 3; дата начала: 2019-02-24; окончание приема заявок: 2019-03-15. тендер закрыт: нет', '2019-03-15', '2019-03-15', 'tenderDoc128.zip'),
(129, 0, 0, 3, 4, 'тендер №129: проект 4; тип 3; дата начала: 2015-08-16; окончание приема заявок: 2015-08-31. тендер закрыт: нет', '2015-08-31', '2015-08-31', 'tenderDoc129.zip'),
(130, 0, 1, 6, 3, 'тендер №130: проект 3; тип 6; дата начала: 2019-01-26; окончание приема заявок: 2019-02-13. тендер закрыт: да', '2019-02-13', '2019-02-13', 'tenderDoc130.zip'),
(131, 0, 0, 5, 3, 'тендер №131: проект 3; тип 5; дата начала: 2017-07-09; окончание приема заявок: 2017-07-26. тендер закрыт: нет', '2017-07-26', '2017-07-26', 'tenderDoc131.zip'),
(132, 0, 1, 8, 1, 'тендер №132: проект 1; тип 8; дата начала: 2018-08-21; окончание приема заявок: 2018-09-06. тендер закрыт: да', '2018-09-06', '2018-09-06', 'tenderDoc132.zip'),
(133, 0, 0, 6, 4, 'тендер №133: проект 4; тип 6; дата начала: 2018-02-23; окончание приема заявок: 2018-03-12. тендер закрыт: нет', '2018-03-12', '2018-03-12', 'tenderDoc133.zip'),
(134, 0, 0, 2, 4, 'тендер №134: проект 4; тип 2; дата начала: 2017-12-27; окончание приема заявок: 2018-01-16. тендер закрыт: нет', '2018-01-16', '2018-01-16', 'tenderDoc134.zip'),
(135, 0, 1, 6, 2, 'тендер №135: проект 2; тип 6; дата начала: 2016-08-06; окончание приема заявок: 2016-08-25. тендер закрыт: да', '2016-08-25', '2016-08-25', 'tenderDoc135.zip'),
(136, 0, 0, 4, 4, 'тендер №136: проект 4; тип 4; дата начала: 2017-10-22; окончание приема заявок: 2017-11-06. тендер закрыт: нет', '2017-11-06', '2017-11-06', 'tenderDoc136.zip'),
(137, 0, 1, 3, 2, 'тендер №137: проект 2; тип 3; дата начала: 2017-11-21; окончание приема заявок: 2017-12-10. тендер закрыт: да', '2017-12-10', '2017-12-10', 'tenderDoc137.zip'),
(138, 0, 1, 4, 1, 'тендер №138: проект 1; тип 4; дата начала: 2016-12-07; окончание приема заявок: 2016-12-23. тендер закрыт: да', '2016-12-23', '2016-12-23', 'tenderDoc138.zip'),
(139, 0, 1, 7, 2, 'тендер №139: проект 2; тип 7; дата начала: 2019-02-12; окончание приема заявок: 2019-03-03. тендер закрыт: да', '2019-03-03', '2019-03-03', 'tenderDoc139.zip'),
(140, 0, 1, 5, 2, 'тендер №140: проект 2; тип 5; дата начала: 2016-04-05; окончание приема заявок: 2016-04-23. тендер закрыт: да', '2016-04-23', '2016-04-23', 'tenderDoc140.zip'),
(141, 0, 1, 7, 3, 'тендер №141: проект 3; тип 7; дата начала: 2020-05-23; окончание приема заявок: 2020-06-10. тендер закрыт: да', '2020-06-10', '2020-06-10', 'tenderDoc141.zip'),
(142, 0, 1, 8, 4, 'тендер №142: проект 4; тип 8; дата начала: 2016-11-14; окончание приема заявок: 2016-12-03. тендер закрыт: да', '2016-12-03', '2016-12-03', 'tenderDoc142.zip'),
(143, 0, 0, 7, 2, 'тендер №143: проект 2; тип 7; дата начала: 2015-01-20; окончание приема заявок: 2015-02-05. тендер закрыт: нет', '2015-02-05', '2015-02-05', 'tenderDoc143.zip'),
(144, 0, 0, 5, 2, 'тендер №144: проект 2; тип 5; дата начала: 2020-03-26; окончание приема заявок: 2020-04-14. тендер закрыт: нет', '2020-04-14', '2020-04-14', 'tenderDoc144.zip'),
(145, 0, 0, 7, 3, 'тендер №145: проект 3; тип 7; дата начала: 2018-11-03; окончание приема заявок: 2018-11-20. тендер закрыт: нет', '2018-11-20', '2018-11-20', 'tenderDoc145.zip'),
(146, 0, 1, 6, 4, 'тендер №146: проект 4; тип 6; дата начала: 2016-06-15; окончание приема заявок: 2016-07-04. тендер закрыт: да', '2016-07-04', '2016-07-04', 'tenderDoc146.zip'),
(147, 0, 0, 5, 3, 'тендер №147: проект 3; тип 5; дата начала: 2017-01-02; окончание приема заявок: 2017-01-19. тендер закрыт: нет', '2017-01-19', '2017-01-19', 'tenderDoc147.zip'),
(148, 0, 1, 3, 3, 'тендер №148: проект 3; тип 3; дата начала: 2016-02-16; окончание приема заявок: 2016-03-07. тендер закрыт: да', '2016-03-07', '2016-03-07', 'tenderDoc148.zip'),
(149, 0, 1, 2, 1, 'тендер №149: проект 1; тип 2; дата начала: 2019-03-23; окончание приема заявок: 2019-04-08. тендер закрыт: да', '2019-04-08', '2019-04-08', 'tenderDoc149.zip'),
(150, 0, 1, 1, 4, 'тендер №150: проект 4; тип 1; дата начала: 2020-05-04; окончание приема заявок: 2020-05-24. тендер закрыт: да', '2020-05-24', '2020-05-24', 'tenderDoc150.zip'),
(151, 0, 0, 1, 3, 'тендер №151: проект 3; тип 1; дата начала: 2017-07-14; окончание приема заявок: 2017-08-01. тендер закрыт: нет', '2017-08-01', '2017-08-01', 'tenderDoc151.zip'),
(152, 0, 1, 6, 1, 'тендер №152: проект 1; тип 6; дата начала: 2019-10-03; окончание приема заявок: 2019-10-23. тендер закрыт: да', '2019-10-23', '2019-10-23', 'tenderDoc152.zip'),
(153, 0, 0, 4, 1, 'тендер №153: проект 1; тип 4; дата начала: 2019-03-20; окончание приема заявок: 2019-04-08. тендер закрыт: нет', '2019-04-08', '2019-04-08', 'tenderDoc153.zip'),
(154, 0, 0, 6, 1, 'тендер №154: проект 1; тип 6; дата начала: 2019-11-27; окончание приема заявок: 2019-12-15. тендер закрыт: нет', '2019-12-15', '2019-12-15', 'tenderDoc154.zip'),
(155, 0, 1, 4, 4, 'тендер №155: проект 4; тип 4; дата начала: 2015-03-27; окончание приема заявок: 2015-04-12. тендер закрыт: да', '2015-04-12', '2015-04-12', 'tenderDoc155.zip'),
(156, 0, 1, 8, 3, 'тендер №156: проект 3; тип 8; дата начала: 2018-09-16; окончание приема заявок: 2018-10-02. тендер закрыт: да', '2018-10-02', '2018-10-02', 'tenderDoc156.zip'),
(157, 0, 1, 4, 2, 'тендер №157: проект 2; тип 4; дата начала: 2020-10-12; окончание приема заявок: 2020-10-30. тендер закрыт: да', '2020-10-30', '2020-10-30', 'tenderDoc157.zip'),
(158, 0, 1, 4, 4, 'тендер №158: проект 4; тип 4; дата начала: 2015-12-02; окончание приема заявок: 2015-12-17. тендер закрыт: да', '2015-12-17', '2015-12-17', 'tenderDoc158.zip'),
(159, 0, 0, 1, 4, 'тендер №159: проект 4; тип 1; дата начала: 2017-08-09; окончание приема заявок: 2017-08-25. тендер закрыт: нет', '2017-08-25', '2017-08-25', 'tenderDoc159.zip'),
(160, 0, 1, 1, 3, 'тендер №160: проект 3; тип 1; дата начала: 2017-07-27; окончание приема заявок: 2017-08-14. тендер закрыт: да', '2017-08-14', '2017-08-14', 'tenderDoc160.zip'),
(161, 0, 1, 6, 3, 'тендер №161: проект 3; тип 6; дата начала: 2016-03-19; окончание приема заявок: 2016-04-04. тендер закрыт: да', '2016-04-04', '2016-04-04', 'tenderDoc161.zip'),
(162, 0, 0, 6, 2, 'тендер №162: проект 2; тип 6; дата начала: 2019-08-15; окончание приема заявок: 2019-09-02. тендер закрыт: нет', '2019-09-02', '2019-09-02', 'tenderDoc162.zip'),
(163, 0, 1, 1, 1, 'тендер №163: проект 1; тип 1; дата начала: 2020-05-18; окончание приема заявок: 2020-06-02. тендер закрыт: да', '2020-06-02', '2020-06-02', 'tenderDoc163.zip'),
(164, 0, 0, 8, 2, 'тендер №164: проект 2; тип 8; дата начала: 2018-11-25; окончание приема заявок: 2018-12-15. тендер закрыт: нет', '2018-12-15', '2018-12-15', 'tenderDoc164.zip'),
(165, 0, 0, 5, 2, 'тендер №165: проект 2; тип 5; дата начала: 2015-09-07; окончание приема заявок: 2015-09-27. тендер закрыт: нет', '2015-09-27', '2015-09-27', 'tenderDoc165.zip'),
(166, 0, 0, 2, 1, 'тендер №166: проект 1; тип 2; дата начала: 2015-03-19; окончание приема заявок: 2015-04-06. тендер закрыт: нет', '2015-04-06', '2015-04-06', 'tenderDoc166.zip'),
(167, 0, 1, 4, 2, 'тендер №167: проект 2; тип 4; дата начала: 2020-06-07; окончание приема заявок: 2020-06-27. тендер закрыт: да', '2020-06-27', '2020-06-27', 'tenderDoc167.zip'),
(168, 0, 1, 1, 1, 'тендер №168: проект 1; тип 1; дата начала: 2020-09-04; окончание приема заявок: 2020-09-21. тендер закрыт: да', '2020-09-21', '2020-09-21', 'tenderDoc168.zip'),
(169, 0, 0, 8, 4, 'тендер №169: проект 4; тип 8; дата начала: 2018-07-12; окончание приема заявок: 2018-07-28. тендер закрыт: нет', '2018-07-28', '2018-07-28', 'tenderDoc169.zip'),
(170, 0, 1, 6, 1, 'тендер №170: проект 1; тип 6; дата начала: 2016-11-15; окончание приема заявок: 2016-12-03. тендер закрыт: да', '2016-12-03', '2016-12-03', 'tenderDoc170.zip'),
(171, 0, 0, 3, 4, 'тендер №171: проект 4; тип 3; дата начала: 2016-11-17; окончание приема заявок: 2016-12-05. тендер закрыт: нет', '2016-12-05', '2016-12-05', 'tenderDoc171.zip'),
(172, 0, 0, 8, 2, 'тендер №172: проект 2; тип 8; дата начала: 2019-06-20; окончание приема заявок: 2019-07-05. тендер закрыт: нет', '2019-07-05', '2019-07-05', 'tenderDoc172.zip'),
(173, 0, 0, 1, 2, 'тендер №173: проект 2; тип 1; дата начала: 2015-09-16; окончание приема заявок: 2015-10-01. тендер закрыт: нет', '2015-10-01', '2015-10-01', 'tenderDoc173.zip'),
(174, 0, 0, 5, 4, 'тендер №174: проект 4; тип 5; дата начала: 2016-05-25; окончание приема заявок: 2016-06-14. тендер закрыт: нет', '2016-06-14', '2016-06-14', 'tenderDoc174.zip'),
(175, 0, 0, 8, 3, 'тендер №175: проект 3; тип 8; дата начала: 2015-01-07; окончание приема заявок: 2015-01-22. тендер закрыт: нет', '2015-01-22', '2015-01-22', 'tenderDoc175.zip'),
(176, 0, 0, 4, 1, 'тендер №176: проект 1; тип 4; дата начала: 2016-09-03; окончание приема заявок: 2016-09-22. тендер закрыт: нет', '2016-09-22', '2016-09-22', 'tenderDoc176.zip'),
(177, 0, 0, 6, 4, 'тендер №177: проект 4; тип 6; дата начала: 2019-11-04; окончание приема заявок: 2019-11-23. тендер закрыт: нет', '2019-11-23', '2019-11-23', 'tenderDoc177.zip'),
(178, 0, 1, 4, 3, 'тендер №178: проект 3; тип 4; дата начала: 2015-09-17; окончание приема заявок: 2015-10-03. тендер закрыт: да', '2015-10-03', '2015-10-03', 'tenderDoc178.zip'),
(179, 0, 0, 7, 1, 'тендер №179: проект 1; тип 7; дата начала: 2016-03-24; окончание приема заявок: 2016-04-08. тендер закрыт: нет', '2016-04-08', '2016-04-08', 'tenderDoc179.zip'),
(180, 0, 1, 4, 4, 'тендер №180: проект 4; тип 4; дата начала: 2019-05-15; окончание приема заявок: 2019-06-02. тендер закрыт: да', '2019-06-02', '2019-06-02', 'tenderDoc180.zip'),
(181, 0, 0, 7, 3, 'тендер №181: проект 3; тип 7; дата начала: 2017-03-22; окончание приема заявок: 2017-04-09. тендер закрыт: нет', '2017-04-09', '2017-04-09', 'tenderDoc181.zip'),
(182, 0, 1, 7, 2, 'тендер №182: проект 2; тип 7; дата начала: 2017-06-11; окончание приема заявок: 2017-07-01. тендер закрыт: да', '2017-07-01', '2017-07-01', 'tenderDoc182.zip'),
(183, 0, 0, 8, 2, 'тендер №183: проект 2; тип 8; дата начала: 2019-11-09; окончание приема заявок: 2019-11-25. тендер закрыт: нет', '2019-11-25', '2019-11-25', 'tenderDoc183.zip'),
(184, 0, 0, 5, 1, 'тендер №184: проект 1; тип 5; дата начала: 2015-02-10; окончание приема заявок: 2015-02-25. тендер закрыт: нет', '2015-02-25', '2015-02-25', 'tenderDoc184.zip'),
(185, 0, 1, 4, 4, 'тендер №185: проект 4; тип 4; дата начала: 2016-07-15; окончание приема заявок: 2016-08-02. тендер закрыт: да', '2016-08-02', '2016-08-02', 'tenderDoc185.zip'),
(186, 0, 0, 4, 1, 'тендер №186: проект 1; тип 4; дата начала: 2019-12-08; окончание приема заявок: 2019-12-25. тендер закрыт: нет', '2019-12-25', '2019-12-25', 'tenderDoc186.zip'),
(187, 0, 1, 5, 4, 'тендер №187: проект 4; тип 5; дата начала: 2016-12-03; окончание приема заявок: 2016-12-18. тендер закрыт: да', '2016-12-18', '2016-12-18', 'tenderDoc187.zip'),
(188, 0, 1, 8, 1, 'тендер №188: проект 1; тип 8; дата начала: 2020-08-23; окончание приема заявок: 2020-09-10. тендер закрыт: да', '2020-09-10', '2020-09-10', 'tenderDoc188.zip'),
(189, 0, 0, 3, 1, 'тендер №189: проект 1; тип 3; дата начала: 2018-08-25; окончание приема заявок: 2018-09-12. тендер закрыт: нет', '2018-09-12', '2018-09-12', 'tenderDoc189.zip'),
(190, 0, 1, 1, 2, 'тендер №190: проект 2; тип 1; дата начала: 2016-07-21; окончание приема заявок: 2016-08-06. тендер закрыт: да', '2016-08-06', '2016-08-06', 'tenderDoc190.zip'),
(191, 0, 0, 5, 1, 'тендер №191: проект 1; тип 5; дата начала: 2018-06-07; окончание приема заявок: 2018-06-22. тендер закрыт: нет', '2018-06-22', '2018-06-22', 'tenderDoc191.zip'),
(192, 0, 1, 5, 4, 'тендер №192: проект 4; тип 5; дата начала: 2019-07-09; окончание приема заявок: 2019-07-28. тендер закрыт: да', '2019-07-28', '2019-07-28', 'tenderDoc192.zip'),
(193, 0, 1, 1, 4, 'тендер №193: проект 4; тип 1; дата начала: 2020-05-19; окончание приема заявок: 2020-06-06. тендер закрыт: да', '2020-06-06', '2020-06-06', 'tenderDoc193.zip'),
(194, 0, 1, 7, 1, 'тендер №194: проект 1; тип 7; дата начала: 2019-11-14; окончание приема заявок: 2019-12-02. тендер закрыт: да', '2019-12-02', '2019-12-02', 'tenderDoc194.zip'),
(195, 0, 0, 2, 1, 'тендер №195: проект 1; тип 2; дата начала: 2018-06-18; окончание приема заявок: 2018-07-08. тендер закрыт: нет', '2018-07-08', '2018-07-08', 'tenderDoc195.zip'),
(196, 0, 1, 4, 3, 'тендер №196: проект 3; тип 4; дата начала: 2016-09-24; окончание приема заявок: 2016-10-11. тендер закрыт: да', '2016-10-11', '2016-10-11', 'tenderDoc196.zip'),
(197, 0, 1, 8, 1, 'тендер №197: проект 1; тип 8; дата начала: 2016-12-17; окончание приема заявок: 2017-01-04. тендер закрыт: да', '2017-01-04', '2017-01-04', 'tenderDoc197.zip'),
(198, 0, 0, 8, 2, 'тендер №198: проект 2; тип 8; дата начала: 2018-08-13; окончание приема заявок: 2018-08-30. тендер закрыт: нет', '2018-08-30', '2018-08-30', 'tenderDoc198.zip'),
(199, 0, 1, 3, 3, 'тендер №199: проект 3; тип 3; дата начала: 2015-11-27; окончание приема заявок: 2015-12-15. тендер закрыт: да', '2015-12-15', '2015-12-15', 'tenderDoc199.zip'),
(200, 0, 1, 6, 3, 'тендер №200: проект 3; тип 6; дата начала: 2015-06-05; окончание приема заявок: 2015-06-20. тендер закрыт: да', '2015-06-20', '2015-06-20', 'tenderDoc200.zip'),
(201, 0, 0, 8, 1, 'тендер №201: проект 1; тип 8; дата начала: 2018-06-27; окончание приема заявок: 2018-07-16. тендер закрыт: нет', '2018-07-16', '2018-07-16', 'tenderDoc201.zip'),
(202, 0, 1, 1, 3, 'тендер №202: проект 3; тип 1; дата начала: 2015-06-13; окончание приема заявок: 2015-07-01. тендер закрыт: да', '2015-07-01', '2015-07-01', 'tenderDoc202.zip'),
(203, 0, 1, 5, 3, 'тендер №203: проект 3; тип 5; дата начала: 2018-04-24; окончание приема заявок: 2018-05-11. тендер закрыт: да', '2018-05-11', '2018-05-11', 'tenderDoc203.zip'),
(204, 0, 0, 1, 4, 'тендер №204: проект 4; тип 1; дата начала: 2016-11-05; окончание приема заявок: 2016-11-24. тендер закрыт: нет', '2016-11-24', '2016-11-24', 'tenderDoc204.zip'),
(205, 0, 1, 7, 4, 'тендер №205: проект 4; тип 7; дата начала: 2019-03-11; окончание приема заявок: 2019-03-30. тендер закрыт: да', '2019-03-30', '2019-03-30', 'tenderDoc205.zip'),
(206, 0, 1, 8, 2, 'тендер №206: проект 2; тип 8; дата начала: 2020-05-04; окончание приема заявок: 2020-05-23. тендер закрыт: да', '2020-05-23', '2020-05-23', 'tenderDoc206.zip'),
(207, 0, 1, 1, 1, 'тендер №207: проект 1; тип 1; дата начала: 2017-03-27; окончание приема заявок: 2017-04-16. тендер закрыт: да', '2017-04-16', '2017-04-16', 'tenderDoc207.zip'),
(208, 0, 1, 5, 4, 'тендер №208: проект 4; тип 5; дата начала: 2019-06-19; окончание приема заявок: 2019-07-04. тендер закрыт: да', '2019-07-04', '2019-07-04', 'tenderDoc208.zip'),
(209, 0, 1, 8, 3, 'тендер №209: проект 3; тип 8; дата начала: 2018-11-25; окончание приема заявок: 2018-12-12. тендер закрыт: да', '2018-12-12', '2018-12-12', 'tenderDoc209.zip'),
(210, 0, 1, 2, 4, 'тендер №210: проект 4; тип 2; дата начала: 2015-05-01; окончание приема заявок: 2015-05-19. тендер закрыт: да', '2015-05-19', '2015-05-19', 'tenderDoc210.zip'),
(211, 0, 1, 4, 3, 'тендер №211: проект 3; тип 4; дата начала: 2017-03-10; окончание приема заявок: 2017-03-28. тендер закрыт: да', '2017-03-28', '2017-03-28', 'tenderDoc211.zip'),
(212, 0, 1, 2, 4, 'тендер №212: проект 4; тип 2; дата начала: 2018-05-06; окончание приема заявок: 2018-05-23. тендер закрыт: да', '2018-05-23', '2018-05-23', 'tenderDoc212.zip'),
(213, 0, 0, 3, 3, 'тендер №213: проект 3; тип 3; дата начала: 2019-10-02; окончание приема заявок: 2019-10-19. тендер закрыт: нет', '2019-10-19', '2019-10-19', 'tenderDoc213.zip'),
(214, 0, 0, 5, 4, 'тендер №214: проект 4; тип 5; дата начала: 2018-12-22; окончание приема заявок: 2019-01-09. тендер закрыт: нет', '2019-01-09', '2019-01-09', 'tenderDoc214.zip'),
(215, 0, 1, 1, 3, 'тендер №215: проект 3; тип 1; дата начала: 2018-01-19; окончание приема заявок: 2018-02-03. тендер закрыт: да', '2018-02-03', '2018-02-03', 'tenderDoc215.zip'),
(216, 0, 1, 7, 2, 'тендер №216: проект 2; тип 7; дата начала: 2017-09-02; окончание приема заявок: 2017-09-22. тендер закрыт: да', '2017-09-22', '2017-09-22', 'tenderDoc216.zip'),
(217, 0, 1, 8, 1, 'тендер №217: проект 1; тип 8; дата начала: 2015-02-11; окончание приема заявок: 2015-03-01. тендер закрыт: да', '2015-03-01', '2015-03-01', 'tenderDoc217.zip'),
(218, 0, 1, 5, 2, 'тендер №218: проект 2; тип 5; дата начала: 2016-04-06; окончание приема заявок: 2016-04-23. тендер закрыт: да', '2016-04-23', '2016-04-23', 'tenderDoc218.zip'),
(219, 0, 0, 3, 4, 'тендер №219: проект 4; тип 3; дата начала: 2019-01-28; окончание приема заявок: 2019-02-17. тендер закрыт: нет', '2019-02-17', '2019-02-17', 'tenderDoc219.zip'),
(220, 0, 1, 5, 4, 'тендер №220: проект 4; тип 5; дата начала: 2019-08-22; окончание приема заявок: 2019-09-06. тендер закрыт: да', '2019-09-06', '2019-09-06', 'tenderDoc220.zip'),
(221, 0, 1, 3, 3, 'тендер №221: проект 3; тип 3; дата начала: 2017-10-10; окончание приема заявок: 2017-10-29. тендер закрыт: да', '2017-10-29', '2017-10-29', 'tenderDoc221.zip'),
(222, 0, 0, 1, 1, 'тендер №222: проект 1; тип 1; дата начала: 2019-12-04; окончание приема заявок: 2019-12-21. тендер закрыт: нет', '2019-12-21', '2019-12-21', 'tenderDoc222.zip'),
(223, 0, 0, 6, 3, 'тендер №223: проект 3; тип 6; дата начала: 2020-12-15; окончание приема заявок: 2020-12-31. тендер закрыт: нет', '2020-12-31', '2020-12-31', 'tenderDoc223.zip'),
(224, 0, 0, 1, 3, 'тендер №224: проект 3; тип 1; дата начала: 2018-12-14; окончание приема заявок: 2018-12-29. тендер закрыт: нет', '2018-12-29', '2018-12-29', 'tenderDoc224.zip'),
(225, 0, 0, 2, 1, 'тендер №225: проект 1; тип 2; дата начала: 2020-06-07; окончание приема заявок: 2020-06-23. тендер закрыт: нет', '2020-06-23', '2020-06-23', 'tenderDoc225.zip'),
(226, 0, 1, 5, 4, 'тендер №226: проект 4; тип 5; дата начала: 2018-06-20; окончание приема заявок: 2018-07-09. тендер закрыт: да', '2018-07-09', '2018-07-09', 'tenderDoc226.zip'),
(227, 0, 0, 7, 1, 'тендер №227: проект 1; тип 7; дата начала: 2020-11-23; окончание приема заявок: 2020-12-10. тендер закрыт: нет', '2020-12-10', '2020-12-10', 'tenderDoc227.zip'),
(228, 0, 0, 4, 2, 'тендер №228: проект 2; тип 4; дата начала: 2017-01-02; окончание приема заявок: 2017-01-18. тендер закрыт: нет', '2017-01-18', '2017-01-18', 'tenderDoc228.zip'),
(229, 0, 0, 7, 1, 'тендер №229: проект 1; тип 7; дата начала: 2017-03-11; окончание приема заявок: 2017-03-29. тендер закрыт: нет', '2017-03-29', '2017-03-29', 'tenderDoc229.zip'),
(230, 0, 0, 4, 3, 'тендер №230: проект 3; тип 4; дата начала: 2017-06-04; окончание приема заявок: 2017-06-22. тендер закрыт: нет', '2017-06-22', '2017-06-22', 'tenderDoc230.zip'),
(231, 0, 0, 7, 1, 'тендер №231: проект 1; тип 7; дата начала: 2019-06-11; окончание приема заявок: 2019-06-27. тендер закрыт: нет', '2019-06-27', '2019-06-27', 'tenderDoc231.zip'),
(232, 0, 0, 8, 3, 'тендер №232: проект 3; тип 8; дата начала: 2016-04-23; окончание приема заявок: 2016-05-10. тендер закрыт: нет', '2016-05-10', '2016-05-10', 'tenderDoc232.zip'),
(233, 0, 0, 3, 2, 'тендер №233: проект 2; тип 3; дата начала: 2019-09-07; окончание приема заявок: 2019-09-26. тендер закрыт: нет', '2019-09-26', '2019-09-26', 'tenderDoc233.zip'),
(234, 0, 1, 7, 4, 'тендер №234: проект 4; тип 7; дата начала: 2016-09-21; окончание приема заявок: 2016-10-06. тендер закрыт: да', '2016-10-06', '2016-10-06', 'tenderDoc234.zip'),
(235, 0, 0, 6, 1, 'тендер №235: проект 1; тип 6; дата начала: 2015-07-03; окончание приема заявок: 2015-07-18. тендер закрыт: нет', '2015-07-18', '2015-07-18', 'tenderDoc235.zip'),
(236, 0, 1, 5, 3, 'тендер №236: проект 3; тип 5; дата начала: 2015-10-11; окончание приема заявок: 2015-10-27. тендер закрыт: да', '2015-10-27', '2015-10-27', 'tenderDoc236.zip'),
(237, 0, 0, 7, 4, 'тендер №237: проект 4; тип 7; дата начала: 2020-06-23; окончание приема заявок: 2020-07-11. тендер закрыт: нет', '2020-07-11', '2020-07-11', 'tenderDoc237.zip'),
(238, 0, 0, 4, 4, 'тендер №238: проект 4; тип 4; дата начала: 2019-01-04; окончание приема заявок: 2019-01-24. тендер закрыт: нет', '2019-01-24', '2019-01-24', 'tenderDoc238.zip'),
(239, 0, 0, 8, 1, 'тендер №239: проект 1; тип 8; дата начала: 2017-08-05; окончание приема заявок: 2017-08-22. тендер закрыт: нет', '2017-08-22', '2017-08-22', 'tenderDoc239.zip'),
(240, 0, 0, 1, 3, 'тендер №240: проект 3; тип 1; дата начала: 2018-06-11; окончание приема заявок: 2018-06-28. тендер закрыт: нет', '2018-06-28', '2018-06-28', 'tenderDoc240.zip'),
(241, 0, 1, 5, 2, 'тендер №241: проект 2; тип 5; дата начала: 2020-02-13; окончание приема заявок: 2020-03-01. тендер закрыт: да', '2020-03-01', '2020-03-01', 'tenderDoc241.zip'),
(242, 0, 0, 3, 3, 'тендер №242: проект 3; тип 3; дата начала: 2019-09-20; окончание приема заявок: 2019-10-10. тендер закрыт: нет', '2019-10-10', '2019-10-10', 'tenderDoc242.zip'),
(243, 0, 0, 5, 4, 'тендер №243: проект 4; тип 5; дата начала: 2016-08-05; окончание приема заявок: 2016-08-21. тендер закрыт: нет', '2016-08-21', '2016-08-21', 'tenderDoc243.zip'),
(244, 0, 0, 2, 3, 'тендер №244: проект 3; тип 2; дата начала: 2020-10-08; окончание приема заявок: 2020-10-26. тендер закрыт: нет', '2020-10-26', '2020-10-26', 'tenderDoc244.zip'),
(245, 0, 1, 8, 1, 'тендер №245: проект 1; тип 8; дата начала: 2016-10-19; окончание приема заявок: 2016-11-07. тендер закрыт: да', '2016-11-07', '2016-11-07', 'tenderDoc245.zip'),
(246, 0, 0, 8, 4, 'тендер №246: проект 4; тип 8; дата начала: 2016-02-02; окончание приема заявок: 2016-02-19. тендер закрыт: нет', '2016-02-19', '2016-02-19', 'tenderDoc246.zip'),
(247, 0, 1, 5, 3, 'тендер №247: проект 3; тип 5; дата начала: 2020-04-15; окончание приема заявок: 2020-05-03. тендер закрыт: да', '2020-05-03', '2020-05-03', 'tenderDoc247.zip'),
(248, 0, 1, 3, 4, 'тендер №248: проект 4; тип 3; дата начала: 2016-02-26; окончание приема заявок: 2016-03-16. тендер закрыт: да', '2016-03-16', '2016-03-16', 'tenderDoc248.zip'),
(249, 0, 1, 7, 1, 'тендер №249: проект 1; тип 7; дата начала: 2019-05-03; окончание приема заявок: 2019-05-23. тендер закрыт: да', '2019-05-23', '2019-05-23', 'tenderDoc249.zip'),
(250, 0, 0, 5, 3, 'тендер №250: проект 3; тип 5; дата начала: 2020-01-18; окончание приема заявок: 2020-02-02. тендер закрыт: нет', '2020-02-02', '2020-02-02', 'tenderDoc250.zip'),
(251, 0, 1, 4, 4, 'тендер №251: проект 4; тип 4; дата начала: 2016-06-28; окончание приема заявок: 2016-07-18. тендер закрыт: да', '2016-07-18', '2016-07-18', 'tenderDoc251.zip'),
(252, 0, 1, 3, 4, 'тендер №252: проект 4; тип 3; дата начала: 2016-05-28; окончание приема заявок: 2016-06-17. тендер закрыт: да', '2016-06-17', '2016-06-17', 'tenderDoc252.zip'),
(253, 0, 0, 4, 2, 'тендер №253: проект 2; тип 4; дата начала: 2019-10-04; окончание приема заявок: 2019-10-19. тендер закрыт: нет', '2019-10-19', '2019-10-19', 'tenderDoc253.zip'),
(254, 0, 0, 1, 4, 'тендер №254: проект 4; тип 1; дата начала: 2015-09-04; окончание приема заявок: 2015-09-24. тендер закрыт: нет', '2015-09-24', '2015-09-24', 'tenderDoc254.zip'),
(255, 0, 1, 5, 2, 'тендер №255: проект 2; тип 5; дата начала: 2015-01-09; окончание приема заявок: 2015-01-26. тендер закрыт: да', '2015-01-26', '2015-01-26', 'tenderDoc255.zip'),
(256, 0, 0, 3, 1, 'тендер №256: проект 1; тип 3; дата начала: 2018-09-16; окончание приема заявок: 2018-10-06. тендер закрыт: нет', '2018-10-06', '2018-10-06', 'tenderDoc256.zip'),
(257, 0, 1, 8, 3, 'тендер №257: проект 3; тип 8; дата начала: 2019-08-28; окончание приема заявок: 2019-09-15. тендер закрыт: да', '2019-09-15', '2019-09-15', 'tenderDoc257.zip'),
(258, 0, 1, 8, 1, 'тендер №258: проект 1; тип 8; дата начала: 2015-01-06; окончание приема заявок: 2015-01-21. тендер закрыт: да', '2015-01-21', '2015-01-21', 'tenderDoc258.zip'),
(259, 0, 1, 6, 2, 'тендер №259: проект 2; тип 6; дата начала: 2018-06-25; окончание приема заявок: 2018-07-13. тендер закрыт: да', '2018-07-13', '2018-07-13', 'tenderDoc259.zip'),
(260, 0, 0, 6, 1, 'тендер №260: проект 1; тип 6; дата начала: 2019-09-04; окончание приема заявок: 2019-09-19. тендер закрыт: нет', '2019-09-19', '2019-09-19', 'tenderDoc260.zip'),
(261, 0, 0, 5, 4, 'тендер №261: проект 4; тип 5; дата начала: 2018-11-26; окончание приема заявок: 2018-12-15. тендер закрыт: нет', '2018-12-15', '2018-12-15', 'tenderDoc261.zip'),
(262, 0, 0, 6, 2, 'тендер №262: проект 2; тип 6; дата начала: 2015-04-22; окончание приема заявок: 2015-05-12. тендер закрыт: нет', '2015-05-12', '2015-05-12', 'tenderDoc262.zip'),
(263, 0, 0, 1, 4, 'тендер №263: проект 4; тип 1; дата начала: 2018-03-20; окончание приема заявок: 2018-04-04. тендер закрыт: нет', '2018-04-04', '2018-04-04', 'tenderDoc263.zip'),
(264, 0, 1, 4, 2, 'тендер №264: проект 2; тип 4; дата начала: 2018-07-06; окончание приема заявок: 2018-07-26. тендер закрыт: да', '2018-07-26', '2018-07-26', 'tenderDoc264.zip'),
(265, 0, 0, 1, 1, 'тендер №265: проект 1; тип 1; дата начала: 2018-09-03; окончание приема заявок: 2018-09-22. тендер закрыт: нет', '2018-09-22', '2018-09-22', 'tenderDoc265.zip'),
(266, 0, 0, 2, 3, 'тендер №266: проект 3; тип 2; дата начала: 2020-05-03; окончание приема заявок: 2020-05-18. тендер закрыт: нет', '2020-05-18', '2020-05-18', 'tenderDoc266.zip'),
(267, 0, 1, 4, 1, 'тендер №267: проект 1; тип 4; дата начала: 2015-08-14; окончание приема заявок: 2015-09-03. тендер закрыт: да', '2015-09-03', '2015-09-03', 'tenderDoc267.zip'),
(268, 0, 0, 6, 2, 'тендер №268: проект 2; тип 6; дата начала: 2019-01-06; окончание приема заявок: 2019-01-24. тендер закрыт: нет', '2019-01-24', '2019-01-24', 'tenderDoc268.zip'),
(269, 0, 1, 5, 2, 'тендер №269: проект 2; тип 5; дата начала: 2018-06-27; окончание приема заявок: 2018-07-17. тендер закрыт: да', '2018-07-17', '2018-07-17', 'tenderDoc269.zip'),
(270, 0, 0, 5, 2, 'тендер №270: проект 2; тип 5; дата начала: 2016-06-08; окончание приема заявок: 2016-06-23. тендер закрыт: нет', '2016-06-23', '2016-06-23', 'tenderDoc270.zip'),
(271, 0, 1, 5, 4, 'тендер №271: проект 4; тип 5; дата начала: 2015-10-06; окончание приема заявок: 2015-10-22. тендер закрыт: да', '2015-10-22', '2015-10-22', 'tenderDoc271.zip'),
(272, 0, 0, 2, 4, 'тендер №272: проект 4; тип 2; дата начала: 2018-12-01; окончание приема заявок: 2018-12-17. тендер закрыт: нет', '2018-12-17', '2018-12-17', 'tenderDoc272.zip'),
(273, 0, 1, 3, 2, 'тендер №273: проект 2; тип 3; дата начала: 2018-07-05; окончание приема заявок: 2018-07-21. тендер закрыт: да', '2018-07-21', '2018-07-21', 'tenderDoc273.zip'),
(274, 0, 1, 5, 3, 'тендер №274: проект 3; тип 5; дата начала: 2020-04-26; окончание приема заявок: 2020-05-16. тендер закрыт: да', '2020-05-16', '2020-05-16', 'tenderDoc274.zip'),
(275, 0, 1, 5, 3, 'тендер №275: проект 3; тип 5; дата начала: 2016-01-12; окончание приема заявок: 2016-01-27. тендер закрыт: да', '2016-01-27', '2016-01-27', 'tenderDoc275.zip'),
(276, 0, 1, 3, 3, 'тендер №276: проект 3; тип 3; дата начала: 2016-01-24; окончание приема заявок: 2016-02-13. тендер закрыт: да', '2016-02-13', '2016-02-13', 'tenderDoc276.zip'),
(277, 0, 0, 5, 3, 'тендер №277: проект 3; тип 5; дата начала: 2020-05-27; окончание приема заявок: 2020-06-13. тендер закрыт: нет', '2020-06-13', '2020-06-13', 'tenderDoc277.zip'),
(278, 0, 0, 6, 3, 'тендер №278: проект 3; тип 6; дата начала: 2020-09-11; окончание приема заявок: 2020-09-27. тендер закрыт: нет', '2020-09-27', '2020-09-27', 'tenderDoc278.zip'),
(279, 0, 0, 2, 4, 'тендер №279: проект 4; тип 2; дата начала: 2017-12-01; окончание приема заявок: 2017-12-21. тендер закрыт: нет', '2017-12-21', '2017-12-21', 'tenderDoc279.zip'),
(280, 0, 1, 1, 4, 'тендер №280: проект 4; тип 1; дата начала: 2015-03-04; окончание приема заявок: 2015-03-21. тендер закрыт: да', '2015-03-21', '2015-03-21', 'tenderDoc280.zip'),
(281, 0, 1, 1, 3, 'тендер №281: проект 3; тип 1; дата начала: 2017-10-23; окончание приема заявок: 2017-11-12. тендер закрыт: да', '2017-11-12', '2017-11-12', 'tenderDoc281.zip');
INSERT INTO `tenders` (`id`, `delete`, `close`, `type`, `project`, `description`, `date_open`, `date_close`, `documents`) VALUES
(282, 0, 1, 8, 2, 'тендер №282: проект 2; тип 8; дата начала: 2019-02-21; окончание приема заявок: 2019-03-13. тендер закрыт: да', '2019-03-13', '2019-03-13', 'tenderDoc282.zip'),
(283, 0, 1, 8, 1, 'тендер №283: проект 1; тип 8; дата начала: 2018-12-12; окончание приема заявок: 2019-01-01. тендер закрыт: да', '2019-01-01', '2019-01-01', 'tenderDoc283.zip'),
(284, 0, 1, 6, 2, 'тендер №284: проект 2; тип 6; дата начала: 2015-09-16; окончание приема заявок: 2015-10-05. тендер закрыт: да', '2015-10-05', '2015-10-05', 'tenderDoc284.zip'),
(285, 0, 1, 5, 2, 'тендер №285: проект 2; тип 5; дата начала: 2018-11-11; окончание приема заявок: 2018-11-30. тендер закрыт: да', '2018-11-30', '2018-11-30', 'tenderDoc285.zip'),
(286, 0, 0, 3, 3, 'тендер №286: проект 3; тип 3; дата начала: 2018-11-21; окончание приема заявок: 2018-12-10. тендер закрыт: нет', '2018-12-10', '2018-12-10', 'tenderDoc286.zip'),
(287, 0, 0, 2, 4, 'тендер №287: проект 4; тип 2; дата начала: 2019-11-13; окончание приема заявок: 2019-11-30. тендер закрыт: нет', '2019-11-30', '2019-11-30', 'tenderDoc287.zip'),
(288, 0, 1, 8, 2, 'тендер №288: проект 2; тип 8; дата начала: 2020-12-21; окончание приема заявок: 2021-01-10. тендер закрыт: да', '2021-01-10', '2021-01-10', 'tenderDoc288.zip'),
(289, 0, 0, 4, 2, 'тендер №289: проект 2; тип 4; дата начала: 2015-02-23; окончание приема заявок: 2015-03-10. тендер закрыт: нет', '2015-03-10', '2015-03-10', 'tenderDoc289.zip'),
(290, 0, 1, 1, 1, 'тендер №290: проект 1; тип 1; дата начала: 2019-11-15; окончание приема заявок: 2019-12-03. тендер закрыт: да', '2019-12-03', '2019-12-03', 'tenderDoc290.zip'),
(291, 0, 0, 8, 3, 'тендер №291: проект 3; тип 8; дата начала: 2017-01-22; окончание приема заявок: 2017-02-06. тендер закрыт: нет', '2017-02-06', '2017-02-06', 'tenderDoc291.zip'),
(292, 0, 1, 3, 4, 'тендер №292: проект 4; тип 3; дата начала: 2016-03-15; окончание приема заявок: 2016-04-02. тендер закрыт: да', '2016-04-02', '2016-04-02', 'tenderDoc292.zip'),
(293, 0, 1, 1, 2, 'тендер №293: проект 2; тип 1; дата начала: 2015-08-06; окончание приема заявок: 2015-08-24. тендер закрыт: да', '2015-08-24', '2015-08-24', 'tenderDoc293.zip'),
(294, 0, 1, 3, 4, 'тендер №294: проект 4; тип 3; дата начала: 2016-11-19; окончание приема заявок: 2016-12-05. тендер закрыт: да', '2016-12-05', '2016-12-05', 'tenderDoc294.zip'),
(295, 0, 1, 3, 3, 'тендер №295: проект 3; тип 3; дата начала: 2017-06-07; окончание приема заявок: 2017-06-22. тендер закрыт: да', '2017-06-22', '2017-06-22', 'tenderDoc295.zip'),
(296, 0, 1, 2, 3, 'тендер №296: проект 3; тип 2; дата начала: 2017-12-05; окончание приема заявок: 2017-12-25. тендер закрыт: да', '2017-12-25', '2017-12-25', 'tenderDoc296.zip'),
(297, 0, 1, 6, 3, 'тендер №297: проект 3; тип 6; дата начала: 2016-06-14; окончание приема заявок: 2016-06-29. тендер закрыт: да', '2016-06-29', '2016-06-29', 'tenderDoc297.zip'),
(298, 0, 0, 3, 3, 'тендер №298: проект 3; тип 3; дата начала: 2018-07-02; окончание приема заявок: 2018-07-20. тендер закрыт: нет', '2018-07-20', '2018-07-20', 'tenderDoc298.zip'),
(299, 0, 0, 6, 4, 'тендер №299: проект 4; тип 6; дата начала: 2019-12-01; окончание приема заявок: 2019-12-17. тендер закрыт: нет', '2019-12-17', '2019-12-17', 'tenderDoc299.zip'),
(300, 0, 0, 2, 2, 'тендер №300: проект 2; тип 2; дата начала: 2016-06-27; окончание приема заявок: 2016-07-13. тендер закрыт: нет', '2016-07-13', '2016-07-13', 'tenderDoc300.zip'),
(301, 0, 1, 6, 2, 'тендер №301: проект 2; тип 6; дата начала: 2018-09-20; окончание приема заявок: 2018-10-05. тендер закрыт: да', '2018-10-05', '2018-10-05', 'tenderDoc301.zip'),
(302, 0, 1, 5, 2, 'тендер №302: проект 2; тип 5; дата начала: 2018-11-01; окончание приема заявок: 2018-11-18. тендер закрыт: да', '2018-11-18', '2018-11-18', 'tenderDoc302.zip'),
(303, 0, 1, 1, 3, 'тендер №303: проект 3; тип 1; дата начала: 2019-11-25; окончание приема заявок: 2019-12-14. тендер закрыт: да', '2019-12-14', '2019-12-14', 'tenderDoc303.zip'),
(304, 0, 1, 6, 1, 'тендер №304: проект 1; тип 6; дата начала: 2019-05-05; окончание приема заявок: 2019-05-21. тендер закрыт: да', '2019-05-21', '2019-05-21', 'tenderDoc304.zip'),
(305, 0, 1, 2, 3, 'тендер №305: проект 3; тип 2; дата начала: 2020-06-06; окончание приема заявок: 2020-06-21. тендер закрыт: да', '2020-06-21', '2020-06-21', 'tenderDoc305.zip'),
(306, 0, 0, 3, 4, 'тендер №306: проект 4; тип 3; дата начала: 2020-11-06; окончание приема заявок: 2020-11-22. тендер закрыт: нет', '2020-11-22', '2020-11-22', 'tenderDoc306.zip'),
(307, 0, 0, 6, 4, 'тендер №307: проект 4; тип 6; дата начала: 2016-08-20; окончание приема заявок: 2016-09-06. тендер закрыт: нет', '2016-09-06', '2016-09-06', 'tenderDoc307.zip'),
(308, 0, 1, 6, 1, 'тендер №308: проект 1; тип 6; дата начала: 2017-12-05; окончание приема заявок: 2017-12-23. тендер закрыт: да', '2017-12-23', '2017-12-23', 'tenderDoc308.zip'),
(309, 0, 1, 2, 4, 'тендер №309: проект 4; тип 2; дата начала: 2016-08-19; окончание приема заявок: 2016-09-07. тендер закрыт: да', '2016-09-07', '2016-09-07', 'tenderDoc309.zip'),
(310, 0, 0, 4, 2, 'тендер №310: проект 2; тип 4; дата начала: 2018-07-04; окончание приема заявок: 2018-07-24. тендер закрыт: нет', '2018-07-24', '2018-07-24', 'tenderDoc310.zip'),
(311, 0, 1, 3, 2, 'тендер №311: проект 2; тип 3; дата начала: 2019-02-17; окончание приема заявок: 2019-03-05. тендер закрыт: да', '2019-03-05', '2019-03-05', 'tenderDoc311.zip'),
(312, 0, 0, 2, 4, 'тендер №312: проект 4; тип 2; дата начала: 2019-03-06; окончание приема заявок: 2019-03-24. тендер закрыт: нет', '2019-03-24', '2019-03-24', 'tenderDoc312.zip'),
(313, 0, 1, 3, 1, 'тендер №313: проект 1; тип 3; дата начала: 2015-10-04; окончание приема заявок: 2015-10-23. тендер закрыт: да', '2015-10-23', '2015-10-23', 'tenderDoc313.zip'),
(314, 0, 1, 3, 4, 'тендер №314: проект 4; тип 3; дата начала: 2015-10-15; окончание приема заявок: 2015-10-30. тендер закрыт: да', '2015-10-30', '2015-10-30', 'tenderDoc314.zip'),
(315, 0, 1, 8, 1, 'тендер №315: проект 1; тип 8; дата начала: 2019-04-01; окончание приема заявок: 2019-04-17. тендер закрыт: да', '2019-04-17', '2019-04-17', 'tenderDoc315.zip'),
(316, 0, 1, 3, 3, 'тендер №316: проект 3; тип 3; дата начала: 2016-02-10; окончание приема заявок: 2016-02-28. тендер закрыт: да', '2016-02-28', '2016-02-28', 'tenderDoc316.zip'),
(317, 0, 1, 3, 2, 'тендер №317: проект 2; тип 3; дата начала: 2016-01-19; окончание приема заявок: 2016-02-06. тендер закрыт: да', '2016-02-06', '2016-02-06', 'tenderDoc317.zip'),
(318, 0, 0, 6, 2, 'тендер №318: проект 2; тип 6; дата начала: 2020-01-14; окончание приема заявок: 2020-02-02. тендер закрыт: нет', '2020-02-02', '2020-02-02', 'tenderDoc318.zip'),
(319, 0, 0, 5, 4, 'тендер №319: проект 4; тип 5; дата начала: 2020-06-26; окончание приема заявок: 2020-07-15. тендер закрыт: нет', '2020-07-15', '2020-07-15', 'tenderDoc319.zip'),
(320, 0, 1, 5, 3, 'тендер №320: проект 3; тип 5; дата начала: 2015-02-10; окончание приема заявок: 2015-02-26. тендер закрыт: да', '2015-02-26', '2015-02-26', 'tenderDoc320.zip'),
(321, 0, 0, 5, 4, 'тендер №321: проект 4; тип 5; дата начала: 2020-06-23; окончание приема заявок: 2020-07-11. тендер закрыт: нет', '2020-07-11', '2020-07-11', 'tenderDoc321.zip'),
(322, 0, 1, 7, 3, 'тендер №322: проект 3; тип 7; дата начала: 2019-12-08; окончание приема заявок: 2019-12-25. тендер закрыт: да', '2019-12-25', '2019-12-25', 'tenderDoc322.zip'),
(323, 0, 0, 2, 2, 'тендер №323: проект 2; тип 2; дата начала: 2019-03-01; окончание приема заявок: 2019-03-18. тендер закрыт: нет', '2019-03-18', '2019-03-18', 'tenderDoc323.zip'),
(324, 0, 0, 8, 1, 'тендер №324: проект 1; тип 8; дата начала: 2016-02-24; окончание приема заявок: 2016-03-14. тендер закрыт: нет', '2016-03-14', '2016-03-14', 'tenderDoc324.zip'),
(325, 0, 1, 2, 3, 'тендер №325: проект 3; тип 2; дата начала: 2020-07-26; окончание приема заявок: 2020-08-14. тендер закрыт: да', '2020-08-14', '2020-08-14', 'tenderDoc325.zip'),
(326, 0, 1, 2, 1, 'тендер №326: проект 1; тип 2; дата начала: 2018-02-09; окончание приема заявок: 2018-02-25. тендер закрыт: да', '2018-02-25', '2018-02-25', 'tenderDoc326.zip'),
(327, 0, 0, 5, 2, 'тендер №327: проект 2; тип 5; дата начала: 2020-07-14; окончание приема заявок: 2020-07-30. тендер закрыт: нет', '2020-07-30', '2020-07-30', 'tenderDoc327.zip'),
(328, 0, 0, 6, 2, 'тендер №328: проект 2; тип 6; дата начала: 2015-03-18; окончание приема заявок: 2015-04-05. тендер закрыт: нет', '2015-04-05', '2015-04-05', 'tenderDoc328.zip'),
(329, 0, 1, 2, 4, 'тендер №329: проект 4; тип 2; дата начала: 2019-05-27; окончание приема заявок: 2019-06-16. тендер закрыт: да', '2019-06-16', '2019-06-16', 'tenderDoc329.zip'),
(330, 0, 0, 6, 2, 'тендер №330: проект 2; тип 6; дата начала: 2018-10-02; окончание приема заявок: 2018-10-22. тендер закрыт: нет', '2018-10-22', '2018-10-22', 'tenderDoc330.zip'),
(331, 0, 0, 6, 3, 'тендер №331: проект 3; тип 6; дата начала: 2017-02-04; окончание приема заявок: 2017-02-24. тендер закрыт: нет', '2017-02-24', '2017-02-24', 'tenderDoc331.zip'),
(332, 0, 1, 6, 4, 'тендер №332: проект 4; тип 6; дата начала: 2018-06-28; окончание приема заявок: 2018-07-18. тендер закрыт: да', '2018-07-18', '2018-07-18', 'tenderDoc332.zip'),
(333, 0, 1, 2, 4, 'тендер №333: проект 4; тип 2; дата начала: 2015-08-28; окончание приема заявок: 2015-09-16. тендер закрыт: да', '2015-09-16', '2015-09-16', 'tenderDoc333.zip'),
(334, 0, 0, 3, 3, 'тендер №334: проект 3; тип 3; дата начала: 2019-03-28; окончание приема заявок: 2019-04-15. тендер закрыт: нет', '2019-04-15', '2019-04-15', 'tenderDoc334.zip'),
(335, 0, 1, 3, 3, 'тендер №335: проект 3; тип 3; дата начала: 2020-04-11; окончание приема заявок: 2020-04-30. тендер закрыт: да', '2020-04-30', '2020-04-30', 'tenderDoc335.zip'),
(336, 0, 1, 3, 3, 'тендер №336: проект 3; тип 3; дата начала: 2016-04-09; окончание приема заявок: 2016-04-28. тендер закрыт: да', '2016-04-28', '2016-04-28', 'tenderDoc336.zip'),
(337, 0, 0, 4, 4, 'тендер №337: проект 4; тип 4; дата начала: 2017-05-18; окончание приема заявок: 2017-06-05. тендер закрыт: нет', '2017-06-05', '2017-06-05', 'tenderDoc337.zip'),
(338, 0, 1, 1, 1, 'тендер №338: проект 1; тип 1; дата начала: 2019-07-17; окончание приема заявок: 2019-08-05. тендер закрыт: да', '2019-08-05', '2019-08-05', 'tenderDoc338.zip'),
(339, 0, 1, 5, 1, 'тендер №339: проект 1; тип 5; дата начала: 2020-10-28; окончание приема заявок: 2020-11-13. тендер закрыт: да', '2020-11-13', '2020-11-13', 'tenderDoc339.zip'),
(340, 0, 1, 1, 2, 'тендер №340: проект 2; тип 1; дата начала: 2017-03-14; окончание приема заявок: 2017-03-29. тендер закрыт: да', '2017-03-29', '2017-03-29', 'tenderDoc340.zip'),
(341, 0, 0, 7, 3, 'тендер №341: проект 3; тип 7; дата начала: 2015-03-26; окончание приема заявок: 2015-04-11. тендер закрыт: нет', '2015-04-11', '2015-04-11', 'tenderDoc341.zip'),
(342, 0, 1, 7, 4, 'тендер №342: проект 4; тип 7; дата начала: 2019-12-12; окончание приема заявок: 2019-12-27. тендер закрыт: да', '2019-12-27', '2019-12-27', 'tenderDoc342.zip'),
(343, 0, 0, 6, 3, 'тендер №343: проект 3; тип 6; дата начала: 2020-06-09; окончание приема заявок: 2020-06-25. тендер закрыт: нет', '2020-06-25', '2020-06-25', 'tenderDoc343.zip'),
(344, 0, 1, 8, 2, 'тендер №344: проект 2; тип 8; дата начала: 2019-10-07; окончание приема заявок: 2019-10-23. тендер закрыт: да', '2019-10-23', '2019-10-23', 'tenderDoc344.zip'),
(345, 0, 1, 4, 3, 'тендер №345: проект 3; тип 4; дата начала: 2018-01-23; окончание приема заявок: 2018-02-09. тендер закрыт: да', '2018-02-09', '2018-02-09', 'tenderDoc345.zip'),
(346, 0, 0, 6, 1, 'тендер №346: проект 1; тип 6; дата начала: 2019-08-18; окончание приема заявок: 2019-09-03. тендер закрыт: нет', '2019-09-03', '2019-09-03', 'tenderDoc346.zip'),
(347, 0, 1, 2, 3, 'тендер №347: проект 3; тип 2; дата начала: 2019-09-16; окончание приема заявок: 2019-10-04. тендер закрыт: да', '2019-10-04', '2019-10-04', 'tenderDoc347.zip'),
(348, 0, 0, 7, 4, 'тендер №348: проект 4; тип 7; дата начала: 2016-07-19; окончание приема заявок: 2016-08-04. тендер закрыт: нет', '2016-08-04', '2016-08-04', 'tenderDoc348.zip'),
(349, 0, 0, 8, 1, 'тендер №349: проект 1; тип 8; дата начала: 2019-01-17; окончание приема заявок: 2019-02-05. тендер закрыт: нет', '2019-02-05', '2019-02-05', 'tenderDoc349.zip'),
(350, 0, 0, 4, 4, 'тендер №350: проект 4; тип 4; дата начала: 2015-05-25; окончание приема заявок: 2015-06-10. тендер закрыт: нет', '2015-06-10', '2015-06-10', 'tenderDoc350.zip'),
(351, 0, 1, 8, 2, 'тендер №351: проект 2; тип 8; дата начала: 2018-11-15; окончание приема заявок: 2018-11-30. тендер закрыт: да', '2018-11-30', '2018-11-30', 'tenderDoc351.zip'),
(352, 0, 0, 1, 2, 'тендер №352: проект 2; тип 1; дата начала: 2015-03-18; окончание приема заявок: 2015-04-03. тендер закрыт: нет', '2015-04-03', '2015-04-03', 'tenderDoc352.zip'),
(353, 0, 0, 4, 4, 'тендер №353: проект 4; тип 4; дата начала: 2017-05-06; окончание приема заявок: 2017-05-26. тендер закрыт: нет', '2017-05-26', '2017-05-26', 'tenderDoc353.zip'),
(354, 0, 0, 7, 3, 'тендер №354: проект 3; тип 7; дата начала: 2018-10-02; окончание приема заявок: 2018-10-21. тендер закрыт: нет', '2018-10-21', '2018-10-21', 'tenderDoc354.zip'),
(355, 0, 1, 1, 1, 'тендер №355: проект 1; тип 1; дата начала: 2016-06-13; окончание приема заявок: 2016-06-30. тендер закрыт: да', '2016-06-30', '2016-06-30', 'tenderDoc355.zip'),
(356, 0, 0, 7, 3, 'тендер №356: проект 3; тип 7; дата начала: 2017-06-16; окончание приема заявок: 2017-07-05. тендер закрыт: нет', '2017-07-05', '2017-07-05', 'tenderDoc356.zip'),
(357, 0, 0, 8, 4, 'тендер №357: проект 4; тип 8; дата начала: 2018-05-22; окончание приема заявок: 2018-06-06. тендер закрыт: нет', '2018-06-06', '2018-06-06', 'tenderDoc357.zip'),
(358, 0, 1, 8, 4, 'тендер №358: проект 4; тип 8; дата начала: 2015-04-05; окончание приема заявок: 2015-04-24. тендер закрыт: да', '2015-04-24', '2015-04-24', 'tenderDoc358.zip'),
(359, 0, 0, 4, 1, 'тендер №359: проект 1; тип 4; дата начала: 2015-06-28; окончание приема заявок: 2015-07-15. тендер закрыт: нет', '2015-07-15', '2015-07-15', 'tenderDoc359.zip'),
(360, 0, 1, 5, 2, 'тендер №360: проект 2; тип 5; дата начала: 2018-05-06; окончание приема заявок: 2018-05-25. тендер закрыт: да', '2018-05-25', '2018-05-25', 'tenderDoc360.zip'),
(361, 0, 1, 8, 3, 'тендер №361: проект 3; тип 8; дата начала: 2019-04-26; окончание приема заявок: 2019-05-13. тендер закрыт: да', '2019-05-13', '2019-05-13', 'tenderDoc361.zip'),
(362, 0, 0, 2, 1, 'тендер №362: проект 1; тип 2; дата начала: 2020-01-09; окончание приема заявок: 2020-01-28. тендер закрыт: нет', '2020-01-28', '2020-01-28', 'tenderDoc362.zip'),
(363, 0, 1, 5, 4, 'тендер №363: проект 4; тип 5; дата начала: 2019-05-18; окончание приема заявок: 2019-06-07. тендер закрыт: да', '2019-06-07', '2019-06-07', 'tenderDoc363.zip'),
(364, 0, 0, 7, 3, 'тендер №364: проект 3; тип 7; дата начала: 2017-11-04; окончание приема заявок: 2017-11-21. тендер закрыт: нет', '2017-11-21', '2017-11-21', 'tenderDoc364.zip'),
(365, 0, 1, 4, 2, 'тендер №365: проект 2; тип 4; дата начала: 2015-08-12; окончание приема заявок: 2015-08-31. тендер закрыт: да', '2015-08-31', '2015-08-31', 'tenderDoc365.zip'),
(366, 0, 0, 4, 3, 'тендер №366: проект 3; тип 4; дата начала: 2019-11-14; окончание приема заявок: 2019-12-03. тендер закрыт: нет', '2019-12-03', '2019-12-03', 'tenderDoc366.zip'),
(367, 0, 0, 4, 3, 'тендер №367: проект 3; тип 4; дата начала: 2017-06-26; окончание приема заявок: 2017-07-14. тендер закрыт: нет', '2017-07-14', '2017-07-14', 'tenderDoc367.zip'),
(368, 0, 0, 6, 2, 'тендер №368: проект 2; тип 6; дата начала: 2018-04-14; окончание приема заявок: 2018-05-02. тендер закрыт: нет', '2018-05-02', '2018-05-02', 'tenderDoc368.zip'),
(369, 0, 1, 6, 4, 'тендер №369: проект 4; тип 6; дата начала: 2015-10-21; окончание приема заявок: 2015-11-10. тендер закрыт: да', '2015-11-10', '2015-11-10', 'tenderDoc369.zip'),
(370, 0, 0, 6, 4, 'тендер №370: проект 4; тип 6; дата начала: 2017-03-02; окончание приема заявок: 2017-03-19. тендер закрыт: нет', '2017-03-19', '2017-03-19', 'tenderDoc370.zip'),
(371, 0, 0, 7, 3, 'тендер №371: проект 3; тип 7; дата начала: 2016-10-06; окончание приема заявок: 2016-10-22. тендер закрыт: нет', '2016-10-22', '2016-10-22', 'tenderDoc371.zip'),
(372, 0, 1, 1, 1, 'тендер №372: проект 1; тип 1; дата начала: 2017-04-08; окончание приема заявок: 2017-04-25. тендер закрыт: да', '2017-04-25', '2017-04-25', 'tenderDoc372.zip'),
(373, 0, 0, 2, 2, 'тендер №373: проект 2; тип 2; дата начала: 2017-10-24; окончание приема заявок: 2017-11-09. тендер закрыт: нет', '2017-11-09', '2017-11-09', 'tenderDoc373.zip'),
(374, 0, 0, 7, 3, 'тендер №374: проект 3; тип 7; дата начала: 2017-07-28; окончание приема заявок: 2017-08-14. тендер закрыт: нет', '2017-08-14', '2017-08-14', 'tenderDoc374.zip'),
(375, 0, 1, 1, 3, 'тендер №375: проект 3; тип 1; дата начала: 2019-04-27; окончание приема заявок: 2019-05-15. тендер закрыт: да', '2019-05-15', '2019-05-15', 'tenderDoc375.zip'),
(376, 0, 0, 8, 1, 'тендер №376: проект 1; тип 8; дата начала: 2016-03-17; окончание приема заявок: 2016-04-05. тендер закрыт: нет', '2016-04-05', '2016-04-05', 'tenderDoc376.zip'),
(377, 0, 1, 7, 2, 'тендер №377: проект 2; тип 7; дата начала: 2015-12-07; окончание приема заявок: 2015-12-27. тендер закрыт: да', '2015-12-27', '2015-12-27', 'tenderDoc377.zip'),
(378, 0, 0, 4, 2, 'тендер №378: проект 2; тип 4; дата начала: 2020-03-02; окончание приема заявок: 2020-03-20. тендер закрыт: нет', '2020-03-20', '2020-03-20', 'tenderDoc378.zip'),
(379, 0, 1, 4, 4, 'тендер №379: проект 4; тип 4; дата начала: 2016-02-15; окончание приема заявок: 2016-03-05. тендер закрыт: да', '2016-03-05', '2016-03-05', 'tenderDoc379.zip'),
(380, 0, 1, 5, 4, 'тендер №380: проект 4; тип 5; дата начала: 2017-11-05; окончание приема заявок: 2017-11-24. тендер закрыт: да', '2017-11-24', '2017-11-24', 'tenderDoc380.zip'),
(381, 0, 1, 3, 2, 'тендер №381: проект 2; тип 3; дата начала: 2015-08-27; окончание приема заявок: 2015-09-11. тендер закрыт: да', '2015-09-11', '2015-09-11', 'tenderDoc381.zip'),
(382, 0, 1, 1, 3, 'тендер №382: проект 3; тип 1; дата начала: 2016-08-07; окончание приема заявок: 2016-08-27. тендер закрыт: да', '2016-08-27', '2016-08-27', 'tenderDoc382.zip'),
(383, 0, 0, 7, 2, 'тендер №383: проект 2; тип 7; дата начала: 2019-05-27; окончание приема заявок: 2019-06-16. тендер закрыт: нет', '2019-06-16', '2019-06-16', 'tenderDoc383.zip'),
(384, 0, 1, 1, 4, 'тендер №384: проект 4; тип 1; дата начала: 2018-05-21; окончание приема заявок: 2018-06-08. тендер закрыт: да', '2018-06-08', '2018-06-08', 'tenderDoc384.zip'),
(385, 0, 0, 2, 1, 'тендер №385: проект 1; тип 2; дата начала: 2019-08-13; окончание приема заявок: 2019-08-30. тендер закрыт: нет', '2019-08-30', '2019-08-30', 'tenderDoc385.zip'),
(386, 0, 1, 4, 1, 'тендер №386: проект 1; тип 4; дата начала: 2017-01-16; окончание приема заявок: 2017-01-31. тендер закрыт: да', '2017-01-31', '2017-01-31', 'tenderDoc386.zip'),
(387, 0, 1, 1, 2, 'тендер №387: проект 2; тип 1; дата начала: 2016-01-13; окончание приема заявок: 2016-02-01. тендер закрыт: да', '2016-02-01', '2016-02-01', 'tenderDoc387.zip'),
(388, 0, 0, 4, 3, 'тендер №388: проект 3; тип 4; дата начала: 2020-09-11; окончание приема заявок: 2020-09-29. тендер закрыт: нет', '2020-09-29', '2020-09-29', 'tenderDoc388.zip'),
(389, 0, 0, 5, 1, 'тендер №389: проект 1; тип 5; дата начала: 2019-05-14; окончание приема заявок: 2019-05-30. тендер закрыт: нет', '2019-05-30', '2019-05-30', 'tenderDoc389.zip'),
(390, 0, 1, 4, 2, 'тендер №390: проект 2; тип 4; дата начала: 2017-11-27; окончание приема заявок: 2017-12-15. тендер закрыт: да', '2017-12-15', '2017-12-15', 'tenderDoc390.zip'),
(391, 0, 1, 1, 4, 'тендер №391: проект 4; тип 1; дата начала: 2019-03-17; окончание приема заявок: 2019-04-05. тендер закрыт: да', '2019-04-05', '2019-04-05', 'tenderDoc391.zip'),
(392, 0, 0, 4, 4, 'тендер №392: проект 4; тип 4; дата начала: 2018-11-16; окончание приема заявок: 2018-12-03. тендер закрыт: нет', '2018-12-03', '2018-12-03', 'tenderDoc392.zip'),
(393, 0, 0, 4, 3, 'тендер №393: проект 3; тип 4; дата начала: 2017-06-11; окончание приема заявок: 2017-07-01. тендер закрыт: нет', '2017-07-01', '2017-07-01', 'tenderDoc393.zip'),
(394, 0, 0, 1, 3, 'тендер №394: проект 3; тип 1; дата начала: 2017-04-28; окончание приема заявок: 2017-05-16. тендер закрыт: нет', '2017-05-16', '2017-05-16', 'tenderDoc394.zip'),
(395, 0, 0, 7, 1, 'тендер №395: проект 1; тип 7; дата начала: 2020-05-16; окончание приема заявок: 2020-06-05. тендер закрыт: нет', '2020-06-05', '2020-06-05', 'tenderDoc395.zip'),
(396, 0, 0, 5, 4, 'тендер №396: проект 4; тип 5; дата начала: 2019-08-05; окончание приема заявок: 2019-08-23. тендер закрыт: нет', '2019-08-23', '2019-08-23', 'tenderDoc396.zip'),
(397, 0, 0, 6, 1, 'тендер №397: проект 1; тип 6; дата начала: 2017-09-07; окончание приема заявок: 2017-09-24. тендер закрыт: нет', '2017-09-24', '2017-09-24', 'tenderDoc397.zip'),
(398, 0, 0, 8, 3, 'тендер №398: проект 3; тип 8; дата начала: 2015-12-28; окончание приема заявок: 2016-01-14. тендер закрыт: нет', '2016-01-14', '2016-01-14', 'tenderDoc398.zip'),
(399, 0, 0, 5, 2, 'тендер №399: проект 2; тип 5; дата начала: 2019-01-27; окончание приема заявок: 2019-02-11. тендер закрыт: нет', '2019-02-11', '2019-02-11', 'tenderDoc399.zip'),
(400, 0, 1, 7, 2, 'тендер №400: проект 2; тип 7; дата начала: 2017-07-03; окончание приема заявок: 2017-07-21. тендер закрыт: да', '2017-07-21', '2017-07-21', 'tenderDoc400.zip'),
(401, 0, 1, 5, 3, 'тендер №401: проект 3; тип 5; дата начала: 2015-01-25; окончание приема заявок: 2015-02-14. тендер закрыт: да', '2015-02-14', '2015-02-14', 'tenderDoc401.zip'),
(402, 0, 1, 3, 2, 'тендер №402: проект 2; тип 3; дата начала: 2018-06-26; окончание приема заявок: 2018-07-13. тендер закрыт: да', '2018-07-13', '2018-07-13', 'tenderDoc402.zip'),
(403, 0, 1, 7, 4, 'тендер №403: проект 4; тип 7; дата начала: 2019-06-18; окончание приема заявок: 2019-07-03. тендер закрыт: да', '2019-07-03', '2019-07-03', 'tenderDoc403.zip'),
(404, 0, 1, 4, 4, 'тендер №404: проект 4; тип 4; дата начала: 2015-05-13; окончание приема заявок: 2015-05-31. тендер закрыт: да', '2015-05-31', '2015-05-31', 'tenderDoc404.zip'),
(405, 0, 0, 7, 3, 'тендер №405: проект 3; тип 7; дата начала: 2018-09-12; окончание приема заявок: 2018-09-30. тендер закрыт: нет', '2018-09-30', '2018-09-30', 'tenderDoc405.zip'),
(406, 0, 0, 2, 1, 'тендер №406: проект 1; тип 2; дата начала: 2016-05-21; окончание приема заявок: 2016-06-10. тендер закрыт: нет', '2016-06-10', '2016-06-10', 'tenderDoc406.zip'),
(407, 0, 0, 1, 2, 'тендер №407: проект 2; тип 1; дата начала: 2015-03-22; окончание приема заявок: 2015-04-07. тендер закрыт: нет', '2015-04-07', '2015-04-07', 'tenderDoc407.zip'),
(408, 0, 0, 4, 1, 'тендер №408: проект 1; тип 4; дата начала: 2020-06-08; окончание приема заявок: 2020-06-25. тендер закрыт: нет', '2020-06-25', '2020-06-25', 'tenderDoc408.zip'),
(409, 0, 0, 2, 3, 'тендер №409: проект 3; тип 2; дата начала: 2020-03-08; окончание приема заявок: 2020-03-27. тендер закрыт: нет', '2020-03-27', '2020-03-27', 'tenderDoc409.zip'),
(410, 0, 0, 1, 4, 'тендер №410: проект 4; тип 1; дата начала: 2019-04-05; окончание приема заявок: 2019-04-22. тендер закрыт: нет', '2019-04-22', '2019-04-22', 'tenderDoc410.zip'),
(411, 0, 1, 2, 1, 'тендер №411: проект 1; тип 2; дата начала: 2015-11-07; окончание приема заявок: 2015-11-22. тендер закрыт: да', '2015-11-22', '2015-11-22', 'tenderDoc411.zip'),
(412, 0, 0, 3, 1, 'тендер №412: проект 1; тип 3; дата начала: 2016-09-21; окончание приема заявок: 2016-10-06. тендер закрыт: нет', '2016-10-06', '2016-10-06', 'tenderDoc412.zip'),
(413, 0, 1, 4, 4, 'тендер №413: проект 4; тип 4; дата начала: 2016-12-06; окончание приема заявок: 2016-12-23. тендер закрыт: да', '2016-12-23', '2016-12-23', 'tenderDoc413.zip'),
(414, 0, 0, 7, 2, 'тендер №414: проект 2; тип 7; дата начала: 2018-01-22; окончание приема заявок: 2018-02-11. тендер закрыт: нет', '2018-02-11', '2018-02-11', 'tenderDoc414.zip'),
(415, 0, 0, 4, 2, 'тендер №415: проект 2; тип 4; дата начала: 2019-02-02; окончание приема заявок: 2019-02-20. тендер закрыт: нет', '2019-02-20', '2019-02-20', 'tenderDoc415.zip'),
(416, 0, 1, 6, 4, 'тендер №416: проект 4; тип 6; дата начала: 2016-09-22; окончание приема заявок: 2016-10-07. тендер закрыт: да', '2016-10-07', '2016-10-07', 'tenderDoc416.zip'),
(417, 0, 0, 8, 4, 'тендер №417: проект 4; тип 8; дата начала: 2016-01-02; окончание приема заявок: 2016-01-18. тендер закрыт: нет', '2016-01-18', '2016-01-18', 'tenderDoc417.zip'),
(418, 0, 0, 3, 4, 'тендер №418: проект 4; тип 3; дата начала: 2017-11-27; окончание приема заявок: 2017-12-15. тендер закрыт: нет', '2017-12-15', '2017-12-15', 'tenderDoc418.zip'),
(419, 0, 1, 4, 3, 'тендер №419: проект 3; тип 4; дата начала: 2016-01-16; окончание приема заявок: 2016-02-05. тендер закрыт: да', '2016-02-05', '2016-02-05', 'tenderDoc419.zip'),
(420, 0, 0, 3, 4, 'тендер №420: проект 4; тип 3; дата начала: 2019-09-20; окончание приема заявок: 2019-10-10. тендер закрыт: нет', '2019-10-10', '2019-10-10', 'tenderDoc420.zip'),
(421, 0, 0, 7, 3, 'тендер №421: проект 3; тип 7; дата начала: 2015-03-07; окончание приема заявок: 2015-03-23. тендер закрыт: нет', '2015-03-23', '2015-03-23', 'tenderDoc421.zip'),
(422, 0, 0, 7, 3, 'тендер №422: проект 3; тип 7; дата начала: 2018-07-27; окончание приема заявок: 2018-08-13. тендер закрыт: нет', '2018-08-13', '2018-08-13', 'tenderDoc422.zip'),
(423, 0, 1, 5, 4, 'тендер №423: проект 4; тип 5; дата начала: 2019-03-22; окончание приема заявок: 2019-04-08. тендер закрыт: да', '2019-04-08', '2019-04-08', 'tenderDoc423.zip'),
(424, 0, 0, 1, 2, 'тендер №424: проект 2; тип 1; дата начала: 2019-03-20; окончание приема заявок: 2019-04-08. тендер закрыт: нет', '2019-04-08', '2019-04-08', 'tenderDoc424.zip'),
(425, 0, 0, 7, 4, 'тендер №425: проект 4; тип 7; дата начала: 2018-03-12; окончание приема заявок: 2018-03-28. тендер закрыт: нет', '2018-03-28', '2018-03-28', 'tenderDoc425.zip'),
(426, 0, 1, 8, 3, 'тендер №426: проект 3; тип 8; дата начала: 2016-09-09; окончание приема заявок: 2016-09-26. тендер закрыт: да', '2016-09-26', '2016-09-26', 'tenderDoc426.zip'),
(427, 0, 1, 6, 2, 'тендер №427: проект 2; тип 6; дата начала: 2016-03-19; окончание приема заявок: 2016-04-06. тендер закрыт: да', '2016-04-06', '2016-04-06', 'tenderDoc427.zip'),
(428, 0, 1, 8, 3, 'тендер №428: проект 3; тип 8; дата начала: 2019-06-01; окончание приема заявок: 2019-06-20. тендер закрыт: да', '2019-06-20', '2019-06-20', 'tenderDoc428.zip'),
(429, 0, 0, 6, 3, 'тендер №429: проект 3; тип 6; дата начала: 2016-06-03; окончание приема заявок: 2016-06-22. тендер закрыт: нет', '2016-06-22', '2016-06-22', 'tenderDoc429.zip'),
(430, 0, 1, 6, 4, 'тендер №430: проект 4; тип 6; дата начала: 2019-11-14; окончание приема заявок: 2019-12-04. тендер закрыт: да', '2019-12-04', '2019-12-04', 'tenderDoc430.zip'),
(431, 0, 1, 5, 1, 'тендер №431: проект 1; тип 5; дата начала: 2017-01-27; окончание приема заявок: 2017-02-13. тендер закрыт: да', '2017-02-13', '2017-02-13', 'tenderDoc431.zip'),
(432, 0, 1, 6, 3, 'тендер №432: проект 3; тип 6; дата начала: 2019-04-08; окончание приема заявок: 2019-04-23. тендер закрыт: да', '2019-04-23', '2019-04-23', 'tenderDoc432.zip'),
(433, 0, 1, 4, 4, 'тендер №433: проект 4; тип 4; дата начала: 2020-08-14; окончание приема заявок: 2020-09-03. тендер закрыт: да', '2020-09-03', '2020-09-03', 'tenderDoc433.zip'),
(434, 0, 0, 3, 1, 'тендер №434: проект 1; тип 3; дата начала: 2015-06-04; окончание приема заявок: 2015-06-20. тендер закрыт: нет', '2015-06-20', '2015-06-20', 'tenderDoc434.zip'),
(435, 0, 0, 1, 4, 'тендер №435: проект 4; тип 1; дата начала: 2019-06-16; окончание приема заявок: 2019-07-06. тендер закрыт: нет', '2019-07-06', '2019-07-06', 'tenderDoc435.zip'),
(436, 0, 1, 3, 2, 'тендер №436: проект 2; тип 3; дата начала: 2018-05-09; окончание приема заявок: 2018-05-25. тендер закрыт: да', '2018-05-25', '2018-05-25', 'tenderDoc436.zip'),
(437, 0, 1, 4, 2, 'тендер №437: проект 2; тип 4; дата начала: 2015-07-17; окончание приема заявок: 2015-08-01. тендер закрыт: да', '2015-08-01', '2015-08-01', 'tenderDoc437.zip'),
(438, 0, 0, 2, 1, 'тендер №438: проект 1; тип 2; дата начала: 2019-01-14; окончание приема заявок: 2019-01-29. тендер закрыт: нет', '2019-01-29', '2019-01-29', 'tenderDoc438.zip'),
(439, 0, 0, 5, 2, 'тендер №439: проект 2; тип 5; дата начала: 2016-08-13; окончание приема заявок: 2016-08-30. тендер закрыт: нет', '2016-08-30', '2016-08-30', 'tenderDoc439.zip'),
(440, 0, 1, 3, 2, 'тендер №440: проект 2; тип 3; дата начала: 2019-03-20; окончание приема заявок: 2019-04-09. тендер закрыт: да', '2019-04-09', '2019-04-09', 'tenderDoc440.zip'),
(441, 0, 1, 7, 1, 'тендер №441: проект 1; тип 7; дата начала: 2017-10-09; окончание приема заявок: 2017-10-24. тендер закрыт: да', '2017-10-24', '2017-10-24', 'tenderDoc441.zip'),
(442, 0, 1, 8, 1, 'тендер №442: проект 1; тип 8; дата начала: 2015-09-24; окончание приема заявок: 2015-10-14. тендер закрыт: да', '2015-10-14', '2015-10-14', 'tenderDoc442.zip'),
(443, 0, 0, 8, 2, 'тендер №443: проект 2; тип 8; дата начала: 2020-07-20; окончание приема заявок: 2020-08-05. тендер закрыт: нет', '2020-08-05', '2020-08-05', 'tenderDoc443.zip'),
(444, 0, 0, 4, 2, 'тендер №444: проект 2; тип 4; дата начала: 2016-11-25; окончание приема заявок: 2016-12-14. тендер закрыт: нет', '2016-12-14', '2016-12-14', 'tenderDoc444.zip'),
(445, 0, 0, 8, 1, 'тендер №445: проект 1; тип 8; дата начала: 2020-09-10; окончание приема заявок: 2020-09-30. тендер закрыт: нет', '2020-09-30', '2020-09-30', 'tenderDoc445.zip'),
(446, 0, 0, 7, 3, 'тендер №446: проект 3; тип 7; дата начала: 2017-06-05; окончание приема заявок: 2017-06-20. тендер закрыт: нет', '2017-06-20', '2017-06-20', 'tenderDoc446.zip'),
(447, 0, 0, 7, 3, 'тендер №447: проект 3; тип 7; дата начала: 2019-09-27; окончание приема заявок: 2019-10-13. тендер закрыт: нет', '2019-10-13', '2019-10-13', 'tenderDoc447.zip'),
(448, 0, 1, 1, 4, 'тендер №448: проект 4; тип 1; дата начала: 2015-05-02; окончание приема заявок: 2015-05-21. тендер закрыт: да', '2015-05-21', '2015-05-21', 'tenderDoc448.zip'),
(449, 0, 1, 8, 1, 'тендер №449: проект 1; тип 8; дата начала: 2020-07-23; окончание приема заявок: 2020-08-09. тендер закрыт: да', '2020-08-09', '2020-08-09', 'tenderDoc449.zip'),
(450, 0, 0, 8, 3, 'тендер №450: проект 3; тип 8; дата начала: 2019-09-05; окончание приема заявок: 2019-09-22. тендер закрыт: нет', '2019-09-22', '2019-09-22', 'tenderDoc450.zip'),
(451, 0, 1, 3, 2, 'тендер №451: проект 2; тип 3; дата начала: 2020-04-01; окончание приема заявок: 2020-04-16. тендер закрыт: да', '2020-04-16', '2020-04-16', 'tenderDoc451.zip'),
(452, 0, 0, 2, 2, 'тендер №452: проект 2; тип 2; дата начала: 2019-07-07; окончание приема заявок: 2019-07-23. тендер закрыт: нет', '2019-07-23', '2019-07-23', 'tenderDoc452.zip'),
(453, 0, 1, 7, 2, 'тендер №453: проект 2; тип 7; дата начала: 2020-09-23; окончание приема заявок: 2020-10-09. тендер закрыт: да', '2020-10-09', '2020-10-09', 'tenderDoc453.zip'),
(454, 0, 1, 6, 1, 'тендер №454: проект 1; тип 6; дата начала: 2016-02-16; окончание приема заявок: 2016-03-03. тендер закрыт: да', '2016-03-03', '2016-03-03', 'tenderDoc454.zip'),
(455, 0, 0, 4, 1, 'тендер №455: проект 1; тип 4; дата начала: 2016-02-05; окончание приема заявок: 2016-02-21. тендер закрыт: нет', '2016-02-21', '2016-02-21', 'tenderDoc455.zip'),
(456, 0, 1, 7, 3, 'тендер №456: проект 3; тип 7; дата начала: 2015-10-27; окончание приема заявок: 2015-11-15. тендер закрыт: да', '2015-11-15', '2015-11-15', 'tenderDoc456.zip'),
(457, 0, 0, 6, 1, 'тендер №457: проект 1; тип 6; дата начала: 2018-03-22; окончание приема заявок: 2018-04-07. тендер закрыт: нет', '2018-04-07', '2018-04-07', 'tenderDoc457.zip'),
(458, 0, 0, 3, 4, 'тендер №458: проект 4; тип 3; дата начала: 2017-09-22; окончание приема заявок: 2017-10-09. тендер закрыт: нет', '2017-10-09', '2017-10-09', 'tenderDoc458.zip'),
(459, 0, 1, 3, 1, 'тендер №459: проект 1; тип 3; дата начала: 2018-12-18; окончание приема заявок: 2019-01-07. тендер закрыт: да', '2019-01-07', '2019-01-07', 'tenderDoc459.zip'),
(460, 0, 0, 3, 3, 'тендер №460: проект 3; тип 3; дата начала: 2019-06-28; окончание приема заявок: 2019-07-15. тендер закрыт: нет', '2019-07-15', '2019-07-15', 'tenderDoc460.zip'),
(461, 0, 0, 1, 4, 'тендер №461: проект 4; тип 1; дата начала: 2019-12-24; окончание приема заявок: 2020-01-10. тендер закрыт: нет', '2020-01-10', '2020-01-10', 'tenderDoc461.zip'),
(462, 0, 0, 4, 3, 'тендер №462: проект 3; тип 4; дата начала: 2016-01-11; окончание приема заявок: 2016-01-28. тендер закрыт: нет', '2016-01-28', '2016-01-28', 'tenderDoc462.zip'),
(463, 0, 1, 2, 2, 'тендер №463: проект 2; тип 2; дата начала: 2016-04-10; окончание приема заявок: 2016-04-28. тендер закрыт: да', '2016-04-28', '2016-04-28', 'tenderDoc463.zip'),
(464, 0, 0, 3, 1, 'тендер №464: проект 1; тип 3; дата начала: 2016-05-18; окончание приема заявок: 2016-06-04. тендер закрыт: нет', '2016-06-04', '2016-06-04', 'tenderDoc464.zip'),
(465, 0, 1, 3, 4, 'тендер №465: проект 4; тип 3; дата начала: 2016-07-22; окончание приема заявок: 2016-08-11. тендер закрыт: да', '2016-08-11', '2016-08-11', 'tenderDoc465.zip'),
(466, 0, 1, 2, 3, 'тендер №466: проект 3; тип 2; дата начала: 2015-09-28; окончание приема заявок: 2015-10-16. тендер закрыт: да', '2015-10-16', '2015-10-16', 'tenderDoc466.zip'),
(467, 0, 1, 6, 2, 'тендер №467: проект 2; тип 6; дата начала: 2015-10-12; окончание приема заявок: 2015-10-29. тендер закрыт: да', '2015-10-29', '2015-10-29', 'tenderDoc467.zip'),
(468, 0, 1, 3, 4, 'тендер №468: проект 4; тип 3; дата начала: 2019-08-22; окончание приема заявок: 2019-09-09. тендер закрыт: да', '2019-09-09', '2019-09-09', 'tenderDoc468.zip'),
(469, 0, 1, 4, 2, 'тендер №469: проект 2; тип 4; дата начала: 2020-06-06; окончание приема заявок: 2020-06-26. тендер закрыт: да', '2020-06-26', '2020-06-26', 'tenderDoc469.zip'),
(470, 0, 1, 8, 1, 'тендер №470: проект 1; тип 8; дата начала: 2016-12-07; окончание приема заявок: 2016-12-27. тендер закрыт: да', '2016-12-27', '2016-12-27', 'tenderDoc470.zip'),
(471, 0, 1, 4, 3, 'тендер №471: проект 3; тип 4; дата начала: 2019-05-26; окончание приема заявок: 2019-06-14. тендер закрыт: да', '2019-06-14', '2019-06-14', 'tenderDoc471.zip'),
(472, 0, 0, 2, 3, 'тендер №472: проект 3; тип 2; дата начала: 2017-08-08; окончание приема заявок: 2017-08-24. тендер закрыт: нет', '2017-08-24', '2017-08-24', 'tenderDoc472.zip'),
(473, 0, 1, 8, 4, 'тендер №473: проект 4; тип 8; дата начала: 2017-01-03; окончание приема заявок: 2017-01-22. тендер закрыт: да', '2017-01-22', '2017-01-22', 'tenderDoc473.zip'),
(474, 0, 0, 5, 2, 'тендер №474: проект 2; тип 5; дата начала: 2017-06-22; окончание приема заявок: 2017-07-08. тендер закрыт: нет', '2017-07-08', '2017-07-08', 'tenderDoc474.zip'),
(475, 0, 0, 7, 4, 'тендер №475: проект 4; тип 7; дата начала: 2015-10-18; окончание приема заявок: 2015-11-03. тендер закрыт: нет', '2015-11-03', '2015-11-03', 'tenderDoc475.zip'),
(476, 0, 0, 3, 1, 'тендер №476: проект 1; тип 3; дата начала: 2016-04-07; окончание приема заявок: 2016-04-27. тендер закрыт: нет', '2016-04-27', '2016-04-27', 'tenderDoc476.zip'),
(477, 0, 1, 8, 2, 'тендер №477: проект 2; тип 8; дата начала: 2018-08-12; окончание приема заявок: 2018-08-28. тендер закрыт: да', '2018-08-28', '2018-08-28', 'tenderDoc477.zip'),
(478, 0, 1, 3, 4, 'тендер №478: проект 4; тип 3; дата начала: 2015-10-09; окончание приема заявок: 2015-10-24. тендер закрыт: да', '2015-10-24', '2015-10-24', 'tenderDoc478.zip'),
(479, 0, 1, 1, 1, 'тендер №479: проект 1; тип 1; дата начала: 2019-01-02; окончание приема заявок: 2019-01-22. тендер закрыт: да', '2019-01-22', '2019-01-22', 'tenderDoc479.zip'),
(480, 0, 1, 7, 2, 'тендер №480: проект 2; тип 7; дата начала: 2015-10-20; окончание приема заявок: 2015-11-09. тендер закрыт: да', '2015-11-09', '2015-11-09', 'tenderDoc480.zip'),
(481, 0, 1, 1, 3, 'тендер №481: проект 3; тип 1; дата начала: 2015-02-09; окончание приема заявок: 2015-02-25. тендер закрыт: да', '2015-02-25', '2015-02-25', 'tenderDoc481.zip'),
(482, 0, 1, 4, 2, 'тендер №482: проект 2; тип 4; дата начала: 2020-03-26; окончание приема заявок: 2020-04-13. тендер закрыт: да', '2020-04-13', '2020-04-13', 'tenderDoc482.zip'),
(483, 0, 1, 8, 2, 'тендер №483: проект 2; тип 8; дата начала: 2016-10-16; окончание приема заявок: 2016-11-05. тендер закрыт: да', '2016-11-05', '2016-11-05', 'tenderDoc483.zip'),
(484, 0, 0, 2, 4, 'тендер №484: проект 4; тип 2; дата начала: 2018-09-04; окончание приема заявок: 2018-09-21. тендер закрыт: нет', '2018-09-21', '2018-09-21', 'tenderDoc484.zip'),
(485, 0, 1, 5, 4, 'тендер №485: проект 4; тип 5; дата начала: 2019-11-07; окончание приема заявок: 2019-11-26. тендер закрыт: да', '2019-11-26', '2019-11-26', 'tenderDoc485.zip'),
(486, 0, 0, 8, 3, 'тендер №486: проект 3; тип 8; дата начала: 2017-06-15; окончание приема заявок: 2017-07-04. тендер закрыт: нет', '2017-07-04', '2017-07-04', 'tenderDoc486.zip'),
(487, 0, 1, 1, 3, 'тендер №487: проект 3; тип 1; дата начала: 2015-03-23; окончание приема заявок: 2015-04-12. тендер закрыт: да', '2015-04-12', '2015-04-12', 'tenderDoc487.zip'),
(488, 0, 0, 1, 1, 'тендер №488: проект 1; тип 1; дата начала: 2020-03-25; окончание приема заявок: 2020-04-11. тендер закрыт: нет', '2020-04-11', '2020-04-11', 'tenderDoc488.zip'),
(489, 0, 0, 6, 4, 'тендер №489: проект 4; тип 6; дата начала: 2020-11-06; окончание приема заявок: 2020-11-26. тендер закрыт: нет', '2020-11-26', '2020-11-26', 'tenderDoc489.zip'),
(490, 0, 1, 2, 1, 'тендер №490: проект 1; тип 2; дата начала: 2020-04-23; окончание приема заявок: 2020-05-10. тендер закрыт: да', '2020-05-10', '2020-05-10', 'tenderDoc490.zip'),
(491, 0, 0, 7, 3, 'тендер №491: проект 3; тип 7; дата начала: 2016-07-21; окончание приема заявок: 2016-08-09. тендер закрыт: нет', '2016-08-09', '2016-08-09', 'tenderDoc491.zip'),
(492, 0, 1, 8, 3, 'тендер №492: проект 3; тип 8; дата начала: 2016-01-03; окончание приема заявок: 2016-01-18. тендер закрыт: да', '2016-01-18', '2016-01-18', 'tenderDoc492.zip'),
(493, 0, 1, 6, 3, 'тендер №493: проект 3; тип 6; дата начала: 2015-12-03; окончание приема заявок: 2015-12-18. тендер закрыт: да', '2015-12-18', '2015-12-18', 'tenderDoc493.zip'),
(494, 0, 1, 1, 4, 'тендер №494: проект 4; тип 1; дата начала: 2018-10-20; окончание приема заявок: 2018-11-04. тендер закрыт: да', '2018-11-04', '2018-11-04', 'tenderDoc494.zip'),
(495, 0, 1, 7, 2, 'тендер №495: проект 2; тип 7; дата начала: 2017-04-14; окончание приема заявок: 2017-05-02. тендер закрыт: да', '2017-05-02', '2017-05-02', 'tenderDoc495.zip'),
(496, 0, 1, 2, 1, 'тендер №496: проект 1; тип 2; дата начала: 2015-08-03; окончание приема заявок: 2015-08-23. тендер закрыт: да', '2015-08-23', '2015-08-23', 'tenderDoc496.zip'),
(497, 0, 0, 3, 3, 'тендер №497: проект 3; тип 3; дата начала: 2017-02-22; окончание приема заявок: 2017-03-13. тендер закрыт: нет', '2017-03-13', '2017-03-13', 'tenderDoc497.zip'),
(498, 0, 0, 3, 2, 'тендер №498: проект 2; тип 3; дата начала: 2020-08-12; окончание приема заявок: 2020-08-30. тендер закрыт: нет', '2020-08-30', '2020-08-30', 'tenderDoc498.zip'),
(499, 0, 1, 6, 2, 'тендер №499: проект 2; тип 6; дата начала: 2017-11-14; окончание приема заявок: 2017-12-01. тендер закрыт: да', '2017-12-01', '2017-12-01', 'tenderDoc499.zip'),
(500, 0, 1, 6, 1, 'тендер №500: проект 1; тип 6; дата начала: 2018-08-13; окончание приема заявок: 2018-09-01. тендер закрыт: да', '2018-09-01', '2018-09-01', 'tenderDoc500.zip'),
(501, 0, 1, 6, 4, 'тендер №501: проект 4; тип 6; дата начала: 2015-08-07; окончание приема заявок: 2015-08-25. тендер закрыт: да', '2015-08-25', '2015-08-25', 'tenderDoc501.zip'),
(502, 0, 0, 4, 3, 'тендер №502: проект 3; тип 4; дата начала: 2015-01-07; окончание приема заявок: 2015-01-26. тендер закрыт: нет', '2015-01-26', '2015-01-26', 'tenderDoc502.zip'),
(503, 0, 0, 6, 2, 'тендер №503: проект 2; тип 6; дата начала: 2015-09-13; окончание приема заявок: 2015-10-02. тендер закрыт: нет', '2015-10-02', '2015-10-02', 'tenderDoc503.zip'),
(504, 0, 0, 3, 3, 'тендер №504: проект 3; тип 3; дата начала: 2020-06-23; окончание приема заявок: 2020-07-12. тендер закрыт: нет', '2020-07-12', '2020-07-12', 'tenderDoc504.zip'),
(505, 0, 0, 4, 2, 'тендер №505: проект 2; тип 4; дата начала: 2015-12-05; окончание приема заявок: 2015-12-20. тендер закрыт: нет', '2015-12-20', '2015-12-20', 'tenderDoc505.zip'),
(506, 0, 1, 1, 1, 'тендер №506: проект 1; тип 1; дата начала: 2017-09-02; окончание приема заявок: 2017-09-20. тендер закрыт: да', '2017-09-20', '2017-09-20', 'tenderDoc506.zip'),
(507, 0, 1, 3, 1, 'тендер №507: проект 1; тип 3; дата начала: 2020-07-21; окончание приема заявок: 2020-08-05. тендер закрыт: да', '2020-08-05', '2020-08-05', 'tenderDoc507.zip'),
(508, 0, 1, 3, 3, 'тендер №508: проект 3; тип 3; дата начала: 2019-06-02; окончание приема заявок: 2019-06-17. тендер закрыт: да', '2019-06-17', '2019-06-17', 'tenderDoc508.zip'),
(509, 0, 1, 4, 1, 'тендер №509: проект 1; тип 4; дата начала: 2020-11-03; окончание приема заявок: 2020-11-23. тендер закрыт: да', '2020-11-23', '2020-11-23', 'tenderDoc509.zip'),
(510, 0, 0, 3, 4, 'тендер №510: проект 4; тип 3; дата начала: 2018-08-05; окончание приема заявок: 2018-08-23. тендер закрыт: нет', '2018-08-23', '2018-08-23', 'tenderDoc510.zip'),
(511, 0, 0, 7, 3, 'тендер №511: проект 3; тип 7; дата начала: 2018-09-06; окончание приема заявок: 2018-09-23. тендер закрыт: нет', '2018-09-23', '2018-09-23', 'tenderDoc511.zip'),
(512, 0, 0, 6, 3, 'тендер №512: проект 3; тип 6; дата начала: 2019-03-25; окончание приема заявок: 2019-04-09. тендер закрыт: нет', '2019-04-09', '2019-04-09', 'tenderDoc512.zip'),
(513, 0, 0, 3, 2, 'тендер №513: проект 2; тип 3; дата начала: 2020-02-28; окончание приема заявок: 2020-03-19. тендер закрыт: нет', '2020-03-19', '2020-03-19', 'tenderDoc513.zip'),
(514, 0, 0, 2, 4, 'тендер №514: проект 4; тип 2; дата начала: 2017-04-23; окончание приема заявок: 2017-05-11. тендер закрыт: нет', '2017-05-11', '2017-05-11', 'tenderDoc514.zip'),
(515, 0, 1, 7, 3, 'тендер №515: проект 3; тип 7; дата начала: 2016-04-13; окончание приема заявок: 2016-05-01. тендер закрыт: да', '2016-05-01', '2016-05-01', 'tenderDoc515.zip'),
(516, 0, 0, 8, 3, 'тендер №516: проект 3; тип 8; дата начала: 2017-11-22; окончание приема заявок: 2017-12-12. тендер закрыт: нет', '2017-12-12', '2017-12-12', 'tenderDoc516.zip'),
(517, 0, 1, 7, 1, 'тендер №517: проект 1; тип 7; дата начала: 2015-08-23; окончание приема заявок: 2015-09-08. тендер закрыт: да', '2015-09-08', '2015-09-08', 'tenderDoc517.zip'),
(518, 0, 1, 4, 1, 'тендер №518: проект 1; тип 4; дата начала: 2020-12-16; окончание приема заявок: 2021-01-04. тендер закрыт: да', '2021-01-04', '2021-01-04', 'tenderDoc518.zip'),
(519, 0, 1, 7, 1, 'тендер №519: проект 1; тип 7; дата начала: 2016-10-26; окончание приема заявок: 2016-11-13. тендер закрыт: да', '2016-11-13', '2016-11-13', 'tenderDoc519.zip'),
(520, 0, 1, 5, 3, 'тендер №520: проект 3; тип 5; дата начала: 2020-07-27; окончание приема заявок: 2020-08-12. тендер закрыт: да', '2020-08-12', '2020-08-12', 'tenderDoc520.zip'),
(521, 0, 1, 3, 2, 'тендер №521: проект 2; тип 3; дата начала: 2019-07-08; окончание приема заявок: 2019-07-23. тендер закрыт: да', '2019-07-23', '2019-07-23', 'tenderDoc521.zip'),
(522, 0, 0, 8, 2, 'тендер №522: проект 2; тип 8; дата начала: 2015-03-09; окончание приема заявок: 2015-03-24. тендер закрыт: нет', '2015-03-24', '2015-03-24', 'tenderDoc522.zip'),
(523, 0, 0, 4, 1, 'тендер №523: проект 1; тип 4; дата начала: 2016-11-12; окончание приема заявок: 2016-11-27. тендер закрыт: нет', '2016-11-27', '2016-11-27', 'tenderDoc523.zip'),
(524, 0, 1, 1, 1, 'тендер №524: проект 1; тип 1; дата начала: 2018-02-25; окончание приема заявок: 2018-03-15. тендер закрыт: да', '2018-03-15', '2018-03-15', 'tenderDoc524.zip'),
(525, 0, 0, 4, 2, 'тендер №525: проект 2; тип 4; дата начала: 2018-03-09; окончание приема заявок: 2018-03-28. тендер закрыт: нет', '2018-03-28', '2018-03-28', 'tenderDoc525.zip'),
(526, 0, 0, 4, 4, 'тендер №526: проект 4; тип 4; дата начала: 2017-01-21; окончание приема заявок: 2017-02-06. тендер закрыт: нет', '2017-02-06', '2017-02-06', 'tenderDoc526.zip'),
(527, 0, 0, 8, 4, 'тендер №527: проект 4; тип 8; дата начала: 2016-02-07; окончание приема заявок: 2016-02-25. тендер закрыт: нет', '2016-02-25', '2016-02-25', 'tenderDoc527.zip'),
(528, 0, 0, 5, 4, 'тендер №528: проект 4; тип 5; дата начала: 2019-06-22; окончание приема заявок: 2019-07-10. тендер закрыт: нет', '2019-07-10', '2019-07-10', 'tenderDoc528.zip'),
(529, 0, 1, 6, 4, 'тендер №529: проект 4; тип 6; дата начала: 2016-03-11; окончание приема заявок: 2016-03-27. тендер закрыт: да', '2016-03-27', '2016-03-27', 'tenderDoc529.zip'),
(530, 0, 1, 5, 2, 'тендер №530: проект 2; тип 5; дата начала: 2019-07-14; окончание приема заявок: 2019-07-29. тендер закрыт: да', '2019-07-29', '2019-07-29', 'tenderDoc530.zip'),
(531, 0, 0, 1, 1, 'тендер №531: проект 1; тип 1; дата начала: 2020-11-02; окончание приема заявок: 2020-11-18. тендер закрыт: нет', '2020-11-18', '2020-11-18', 'tenderDoc531.zip'),
(532, 0, 1, 3, 4, 'тендер №532: проект 4; тип 3; дата начала: 2017-04-15; окончание приема заявок: 2017-05-04. тендер закрыт: да', '2017-05-04', '2017-05-04', 'tenderDoc532.zip'),
(533, 0, 1, 4, 2, 'тендер №533: проект 2; тип 4; дата начала: 2016-12-01; окончание приема заявок: 2016-12-19. тендер закрыт: да', '2016-12-19', '2016-12-19', 'tenderDoc533.zip'),
(534, 0, 0, 6, 3, 'тендер №534: проект 3; тип 6; дата начала: 2015-08-27; окончание приема заявок: 2015-09-12. тендер закрыт: нет', '2015-09-12', '2015-09-12', 'tenderDoc534.zip'),
(535, 0, 0, 3, 2, 'тендер №535: проект 2; тип 3; дата начала: 2019-07-12; окончание приема заявок: 2019-07-31. тендер закрыт: нет', '2019-07-31', '2019-07-31', 'tenderDoc535.zip'),
(536, 0, 0, 4, 3, 'тендер №536: проект 3; тип 4; дата начала: 2015-09-02; окончание приема заявок: 2015-09-17. тендер закрыт: нет', '2015-09-17', '2015-09-17', 'tenderDoc536.zip'),
(537, 0, 0, 2, 4, 'тендер №537: проект 4; тип 2; дата начала: 2018-11-23; окончание приема заявок: 2018-12-08. тендер закрыт: нет', '2018-12-08', '2018-12-08', 'tenderDoc537.zip'),
(538, 0, 0, 6, 2, 'тендер №538: проект 2; тип 6; дата начала: 2020-08-10; окончание приема заявок: 2020-08-27. тендер закрыт: нет', '2020-08-27', '2020-08-27', 'tenderDoc538.zip'),
(539, 0, 1, 1, 3, 'тендер №539: проект 3; тип 1; дата начала: 2018-08-07; окончание приема заявок: 2018-08-27. тендер закрыт: да', '2018-08-27', '2018-08-27', 'tenderDoc539.zip'),
(540, 0, 0, 4, 2, 'тендер №540: проект 2; тип 4; дата начала: 2017-09-17; окончание приема заявок: 2017-10-06. тендер закрыт: нет', '2017-10-06', '2017-10-06', 'tenderDoc540.zip'),
(541, 0, 1, 6, 1, 'тендер №541: проект 1; тип 6; дата начала: 2016-09-14; окончание приема заявок: 2016-09-29. тендер закрыт: да', '2016-09-29', '2016-09-29', 'tenderDoc541.zip'),
(542, 0, 1, 3, 1, 'тендер №542: проект 1; тип 3; дата начала: 2016-02-19; окончание приема заявок: 2016-03-09. тендер закрыт: да', '2016-03-09', '2016-03-09', 'tenderDoc542.zip'),
(543, 0, 0, 5, 3, 'тендер №543: проект 3; тип 5; дата начала: 2020-12-16; окончание приема заявок: 2021-01-05. тендер закрыт: нет', '2021-01-05', '2021-01-05', 'tenderDoc543.zip'),
(544, 0, 0, 7, 1, 'тендер №544: проект 1; тип 7; дата начала: 2017-09-21; окончание приема заявок: 2017-10-11. тендер закрыт: нет', '2017-10-11', '2017-10-11', 'tenderDoc544.zip'),
(545, 0, 1, 2, 4, 'тендер №545: проект 4; тип 2; дата начала: 2018-01-13; окончание приема заявок: 2018-01-29. тендер закрыт: да', '2018-01-29', '2018-01-29', 'tenderDoc545.zip'),
(546, 0, 0, 4, 2, 'тендер №546: проект 2; тип 4; дата начала: 2019-05-01; окончание приема заявок: 2019-05-16. тендер закрыт: нет', '2019-05-16', '2019-05-16', 'tenderDoc546.zip'),
(547, 0, 1, 8, 3, 'тендер №547: проект 3; тип 8; дата начала: 2016-11-16; окончание приема заявок: 2016-12-05. тендер закрыт: да', '2016-12-05', '2016-12-05', 'tenderDoc547.zip'),
(548, 0, 0, 2, 4, 'тендер №548: проект 4; тип 2; дата начала: 2016-01-09; окончание приема заявок: 2016-01-28. тендер закрыт: нет', '2016-01-28', '2016-01-28', 'tenderDoc548.zip'),
(549, 0, 0, 3, 3, 'тендер №549: проект 3; тип 3; дата начала: 2019-02-25; окончание приема заявок: 2019-03-17. тендер закрыт: нет', '2019-03-17', '2019-03-17', 'tenderDoc549.zip'),
(550, 0, 1, 6, 1, 'тендер №550: проект 1; тип 6; дата начала: 2015-08-01; окончание приема заявок: 2015-08-18. тендер закрыт: да', '2015-08-18', '2015-08-18', 'tenderDoc550.zip'),
(551, 0, 0, 2, 2, 'тендер №551: проект 2; тип 2; дата начала: 2016-06-13; окончание приема заявок: 2016-07-01. тендер закрыт: нет', '2016-07-01', '2016-07-01', 'tenderDoc551.zip'),
(552, 0, 0, 7, 3, 'тендер №552: проект 3; тип 7; дата начала: 2018-02-25; окончание приема заявок: 2018-03-15. тендер закрыт: нет', '2018-03-15', '2018-03-15', 'tenderDoc552.zip'),
(553, 0, 1, 8, 4, 'тендер №553: проект 4; тип 8; дата начала: 2015-11-10; окончание приема заявок: 2015-11-26. тендер закрыт: да', '2015-11-26', '2015-11-26', 'tenderDoc553.zip'),
(554, 0, 0, 8, 3, 'тендер №554: проект 3; тип 8; дата начала: 2020-08-26; окончание приема заявок: 2020-09-10. тендер закрыт: нет', '2020-09-10', '2020-09-10', 'tenderDoc554.zip'),
(555, 0, 1, 2, 2, 'тендер №555: проект 2; тип 2; дата начала: 2017-07-01; окончание приема заявок: 2017-07-21. тендер закрыт: да', '2017-07-21', '2017-07-21', 'tenderDoc555.zip'),
(556, 0, 1, 4, 2, 'тендер №556: проект 2; тип 4; дата начала: 2016-08-28; окончание приема заявок: 2016-09-17. тендер закрыт: да', '2016-09-17', '2016-09-17', 'tenderDoc556.zip'),
(557, 0, 0, 6, 3, 'тендер №557: проект 3; тип 6; дата начала: 2018-06-14; окончание приема заявок: 2018-07-02. тендер закрыт: нет', '2018-07-02', '2018-07-02', 'tenderDoc557.zip'),
(558, 0, 1, 5, 3, 'тендер №558: проект 3; тип 5; дата начала: 2016-06-23; окончание приема заявок: 2016-07-11. тендер закрыт: да', '2016-07-11', '2016-07-11', 'tenderDoc558.zip'),
(559, 0, 1, 7, 1, 'тендер №559: проект 1; тип 7; дата начала: 2019-07-07; окончание приема заявок: 2019-07-26. тендер закрыт: да', '2019-07-26', '2019-07-26', 'tenderDoc559.zip'),
(560, 0, 1, 6, 4, 'тендер №560: проект 4; тип 6; дата начала: 2015-12-24; окончание приема заявок: 2016-01-11. тендер закрыт: да', '2016-01-11', '2016-01-11', 'tenderDoc560.zip');
INSERT INTO `tenders` (`id`, `delete`, `close`, `type`, `project`, `description`, `date_open`, `date_close`, `documents`) VALUES
(561, 0, 0, 8, 3, 'тендер №561: проект 3; тип 8; дата начала: 2018-02-21; окончание приема заявок: 2018-03-08. тендер закрыт: нет', '2018-03-08', '2018-03-08', 'tenderDoc561.zip'),
(562, 0, 0, 4, 1, 'тендер №562: проект 1; тип 4; дата начала: 2019-12-18; окончание приема заявок: 2020-01-05. тендер закрыт: нет', '2020-01-05', '2020-01-05', 'tenderDoc562.zip'),
(563, 0, 1, 4, 4, 'тендер №563: проект 4; тип 4; дата начала: 2016-10-19; окончание приема заявок: 2016-11-06. тендер закрыт: да', '2016-11-06', '2016-11-06', 'tenderDoc563.zip'),
(564, 0, 1, 1, 4, 'тендер №564: проект 4; тип 1; дата начала: 2016-01-20; окончание приема заявок: 2016-02-07. тендер закрыт: да', '2016-02-07', '2016-02-07', 'tenderDoc564.zip'),
(565, 0, 0, 2, 2, 'тендер №565: проект 2; тип 2; дата начала: 2019-03-15; окончание приема заявок: 2019-04-01. тендер закрыт: нет', '2019-04-01', '2019-04-01', 'tenderDoc565.zip'),
(566, 0, 0, 3, 4, 'тендер №566: проект 4; тип 3; дата начала: 2018-08-01; окончание приема заявок: 2018-08-17. тендер закрыт: нет', '2018-08-17', '2018-08-17', 'tenderDoc566.zip'),
(567, 0, 1, 7, 4, 'тендер №567: проект 4; тип 7; дата начала: 2017-01-07; окончание приема заявок: 2017-01-27. тендер закрыт: да', '2017-01-27', '2017-01-27', 'tenderDoc567.zip'),
(568, 0, 1, 6, 3, 'тендер №568: проект 3; тип 6; дата начала: 2015-12-10; окончание приема заявок: 2015-12-25. тендер закрыт: да', '2015-12-25', '2015-12-25', 'tenderDoc568.zip'),
(569, 0, 0, 7, 2, 'тендер №569: проект 2; тип 7; дата начала: 2018-04-23; окончание приема заявок: 2018-05-12. тендер закрыт: нет', '2018-05-12', '2018-05-12', 'tenderDoc569.zip'),
(570, 0, 0, 5, 4, 'тендер №570: проект 4; тип 5; дата начала: 2016-03-17; окончание приема заявок: 2016-04-03. тендер закрыт: нет', '2016-04-03', '2016-04-03', 'tenderDoc570.zip'),
(571, 0, 1, 3, 4, 'тендер №571: проект 4; тип 3; дата начала: 2018-10-05; окончание приема заявок: 2018-10-24. тендер закрыт: да', '2018-10-24', '2018-10-24', 'tenderDoc571.zip'),
(572, 0, 0, 4, 2, 'тендер №572: проект 2; тип 4; дата начала: 2017-03-12; окончание приема заявок: 2017-03-28. тендер закрыт: нет', '2017-03-28', '2017-03-28', 'tenderDoc572.zip'),
(573, 0, 0, 4, 2, 'тендер №573: проект 2; тип 4; дата начала: 2018-02-23; окончание приема заявок: 2018-03-13. тендер закрыт: нет', '2018-03-13', '2018-03-13', 'tenderDoc573.zip'),
(574, 0, 1, 5, 3, 'тендер №574: проект 3; тип 5; дата начала: 2019-08-17; окончание приема заявок: 2019-09-05. тендер закрыт: да', '2019-09-05', '2019-09-05', 'tenderDoc574.zip'),
(575, 0, 0, 5, 3, 'тендер №575: проект 3; тип 5; дата начала: 2020-11-13; окончание приема заявок: 2020-12-02. тендер закрыт: нет', '2020-12-02', '2020-12-02', 'tenderDoc575.zip'),
(576, 0, 0, 7, 3, 'тендер №576: проект 3; тип 7; дата начала: 2017-03-24; окончание приема заявок: 2017-04-09. тендер закрыт: нет', '2017-04-09', '2017-04-09', 'tenderDoc576.zip'),
(577, 0, 1, 1, 4, 'тендер №577: проект 4; тип 1; дата начала: 2019-11-24; окончание приема заявок: 2019-12-11. тендер закрыт: да', '2019-12-11', '2019-12-11', 'tenderDoc577.zip'),
(578, 0, 1, 8, 1, 'тендер №578: проект 1; тип 8; дата начала: 2015-05-09; окончание приема заявок: 2015-05-27. тендер закрыт: да', '2015-05-27', '2015-05-27', 'tenderDoc578.zip'),
(579, 0, 0, 5, 3, 'тендер №579: проект 3; тип 5; дата начала: 2017-10-27; окончание приема заявок: 2017-11-13. тендер закрыт: нет', '2017-11-13', '2017-11-13', 'tenderDoc579.zip'),
(580, 0, 1, 6, 1, 'тендер №580: проект 1; тип 6; дата начала: 2020-07-18; окончание приема заявок: 2020-08-06. тендер закрыт: да', '2020-08-06', '2020-08-06', 'tenderDoc580.zip'),
(581, 0, 1, 5, 3, 'тендер №581: проект 3; тип 5; дата начала: 2018-05-12; окончание приема заявок: 2018-06-01. тендер закрыт: да', '2018-06-01', '2018-06-01', 'tenderDoc581.zip'),
(582, 0, 0, 2, 1, 'тендер №582: проект 1; тип 2; дата начала: 2019-11-10; окончание приема заявок: 2019-11-27. тендер закрыт: нет', '2019-11-27', '2019-11-27', 'tenderDoc582.zip'),
(583, 0, 0, 1, 3, 'тендер №583: проект 3; тип 1; дата начала: 2019-12-23; окончание приема заявок: 2020-01-08. тендер закрыт: нет', '2020-01-08', '2020-01-08', 'tenderDoc583.zip'),
(584, 0, 0, 7, 4, 'тендер №584: проект 4; тип 7; дата начала: 2019-03-28; окончание приема заявок: 2019-04-12. тендер закрыт: нет', '2019-04-12', '2019-04-12', 'tenderDoc584.zip'),
(585, 0, 0, 5, 1, 'тендер №585: проект 1; тип 5; дата начала: 2018-02-26; окончание приема заявок: 2018-03-18. тендер закрыт: нет', '2018-03-18', '2018-03-18', 'tenderDoc585.zip'),
(586, 0, 1, 8, 4, 'тендер №586: проект 4; тип 8; дата начала: 2018-10-24; окончание приема заявок: 2018-11-13. тендер закрыт: да', '2018-11-13', '2018-11-13', 'tenderDoc586.zip'),
(587, 0, 0, 8, 1, 'тендер №587: проект 1; тип 8; дата начала: 2018-10-22; окончание приема заявок: 2018-11-08. тендер закрыт: нет', '2018-11-08', '2018-11-08', 'tenderDoc587.zip'),
(588, 0, 1, 6, 2, 'тендер №588: проект 2; тип 6; дата начала: 2018-08-13; окончание приема заявок: 2018-08-31. тендер закрыт: да', '2018-08-31', '2018-08-31', 'tenderDoc588.zip'),
(589, 0, 1, 7, 4, 'тендер №589: проект 4; тип 7; дата начала: 2019-02-25; окончание приема заявок: 2019-03-13. тендер закрыт: да', '2019-03-13', '2019-03-13', 'tenderDoc589.zip'),
(590, 0, 1, 5, 3, 'тендер №590: проект 3; тип 5; дата начала: 2015-01-15; окончание приема заявок: 2015-02-03. тендер закрыт: да', '2015-02-03', '2015-02-03', 'tenderDoc590.zip'),
(591, 0, 0, 8, 4, 'тендер №591: проект 4; тип 8; дата начала: 2020-09-16; окончание приема заявок: 2020-10-04. тендер закрыт: нет', '2020-10-04', '2020-10-04', 'tenderDoc591.zip'),
(592, 0, 0, 4, 1, 'тендер №592: проект 1; тип 4; дата начала: 2020-06-13; окончание приема заявок: 2020-07-03. тендер закрыт: нет', '2020-07-03', '2020-07-03', 'tenderDoc592.zip'),
(593, 0, 1, 5, 3, 'тендер №593: проект 3; тип 5; дата начала: 2020-05-06; окончание приема заявок: 2020-05-23. тендер закрыт: да', '2020-05-23', '2020-05-23', 'tenderDoc593.zip'),
(594, 0, 1, 2, 3, 'тендер №594: проект 3; тип 2; дата начала: 2018-05-06; окончание приема заявок: 2018-05-24. тендер закрыт: да', '2018-05-24', '2018-05-24', 'tenderDoc594.zip'),
(595, 0, 0, 8, 4, 'тендер №595: проект 4; тип 8; дата начала: 2016-03-25; окончание приема заявок: 2016-04-13. тендер закрыт: нет', '2016-04-13', '2016-04-13', 'tenderDoc595.zip'),
(596, 0, 1, 7, 3, 'тендер №596: проект 3; тип 7; дата начала: 2019-12-08; окончание приема заявок: 2019-12-25. тендер закрыт: да', '2019-12-25', '2019-12-25', 'tenderDoc596.zip'),
(597, 0, 0, 2, 4, 'тендер №597: проект 4; тип 2; дата начала: 2018-09-01; окончание приема заявок: 2018-09-17. тендер закрыт: нет', '2018-09-17', '2018-09-17', 'tenderDoc597.zip'),
(598, 0, 0, 6, 2, 'тендер №598: проект 2; тип 6; дата начала: 2015-09-02; окончание приема заявок: 2015-09-20. тендер закрыт: нет', '2015-09-20', '2015-09-20', 'tenderDoc598.zip'),
(599, 0, 0, 7, 3, 'тендер №599: проект 3; тип 7; дата начала: 2015-11-20; окончание приема заявок: 2015-12-06. тендер закрыт: нет', '2015-12-06', '2015-12-06', 'tenderDoc599.zip'),
(600, 0, 0, 1, 4, 'тендер №600: проект 4; тип 1; дата начала: 2017-11-17; окончание приема заявок: 2017-12-04. тендер закрыт: нет', '2017-12-04', '2017-12-04', 'tenderDoc600.zip'),
(601, 0, 0, 2, 2, 'тендер №601: проект 2; тип 2; дата начала: 2015-05-24; окончание приема заявок: 2015-06-13. тендер закрыт: нет', '2015-06-13', '2015-06-13', 'tenderDoc601.zip'),
(602, 0, 0, 1, 4, 'тендер №602: проект 4; тип 1; дата начала: 2020-04-16; окончание приема заявок: 2020-05-03. тендер закрыт: нет', '2020-05-03', '2020-05-03', 'tenderDoc602.zip'),
(603, 0, 0, 8, 4, 'тендер №603: проект 4; тип 8; дата начала: 2019-10-02; окончание приема заявок: 2019-10-20. тендер закрыт: нет', '2019-10-20', '2019-10-20', 'tenderDoc603.zip'),
(604, 0, 0, 3, 4, 'тендер №604: проект 4; тип 3; дата начала: 2015-02-17; окончание приема заявок: 2015-03-05. тендер закрыт: нет', '2015-03-05', '2015-03-05', 'tenderDoc604.zip'),
(605, 0, 0, 8, 2, 'тендер №605: проект 2; тип 8; дата начала: 2015-11-27; окончание приема заявок: 2015-12-12. тендер закрыт: нет', '2015-12-12', '2015-12-12', 'tenderDoc605.zip'),
(606, 0, 0, 5, 1, 'тендер №606: проект 1; тип 5; дата начала: 2017-12-10; окончание приема заявок: 2017-12-25. тендер закрыт: нет', '2017-12-25', '2017-12-25', 'tenderDoc606.zip'),
(607, 0, 1, 2, 2, 'тендер №607: проект 2; тип 2; дата начала: 2019-09-10; окончание приема заявок: 2019-09-28. тендер закрыт: да', '2019-09-28', '2019-09-28', 'tenderDoc607.zip'),
(608, 0, 1, 7, 4, 'тендер №608: проект 4; тип 7; дата начала: 2016-07-08; окончание приема заявок: 2016-07-24. тендер закрыт: да', '2016-07-24', '2016-07-24', 'tenderDoc608.zip'),
(609, 0, 1, 2, 4, 'тендер №609: проект 4; тип 2; дата начала: 2016-02-18; окончание приема заявок: 2016-03-04. тендер закрыт: да', '2016-03-04', '2016-03-04', 'tenderDoc609.zip'),
(610, 0, 0, 3, 4, 'тендер №610: проект 4; тип 3; дата начала: 2019-07-12; окончание приема заявок: 2019-07-29. тендер закрыт: нет', '2019-07-29', '2019-07-29', 'tenderDoc610.zip'),
(611, 0, 0, 4, 1, 'тендер №611: проект 1; тип 4; дата начала: 2017-09-22; окончание приема заявок: 2017-10-07. тендер закрыт: нет', '2017-10-07', '2017-10-07', 'tenderDoc611.zip'),
(612, 0, 0, 4, 2, 'тендер №612: проект 2; тип 4; дата начала: 2016-04-12; окончание приема заявок: 2016-04-28. тендер закрыт: нет', '2016-04-28', '2016-04-28', 'tenderDoc612.zip'),
(613, 0, 1, 7, 2, 'тендер №613: проект 2; тип 7; дата начала: 2020-02-13; окончание приема заявок: 2020-02-29. тендер закрыт: да', '2020-02-29', '2020-02-29', 'tenderDoc613.zip'),
(614, 0, 0, 5, 4, 'тендер №614: проект 4; тип 5; дата начала: 2015-10-12; окончание приема заявок: 2015-11-01. тендер закрыт: нет', '2015-11-01', '2015-11-01', 'tenderDoc614.zip'),
(615, 0, 1, 7, 1, 'тендер №615: проект 1; тип 7; дата начала: 2018-09-09; окончание приема заявок: 2018-09-25. тендер закрыт: да', '2018-09-25', '2018-09-25', 'tenderDoc615.zip'),
(616, 0, 0, 3, 2, 'тендер №616: проект 2; тип 3; дата начала: 2015-09-24; окончание приема заявок: 2015-10-11. тендер закрыт: нет', '2015-10-11', '2015-10-11', 'tenderDoc616.zip'),
(617, 0, 0, 8, 3, 'тендер №617: проект 3; тип 8; дата начала: 2019-02-07; окончание приема заявок: 2019-02-22. тендер закрыт: нет', '2019-02-22', '2019-02-22', 'tenderDoc617.zip'),
(618, 0, 0, 5, 3, 'тендер №618: проект 3; тип 5; дата начала: 2020-11-12; окончание приема заявок: 2020-11-30. тендер закрыт: нет', '2020-11-30', '2020-11-30', 'tenderDoc618.zip'),
(619, 0, 0, 5, 1, 'тендер №619: проект 1; тип 5; дата начала: 2018-12-22; окончание приема заявок: 2019-01-07. тендер закрыт: нет', '2019-01-07', '2019-01-07', 'tenderDoc619.zip'),
(620, 0, 1, 3, 3, 'тендер №620: проект 3; тип 3; дата начала: 2020-06-05; окончание приема заявок: 2020-06-25. тендер закрыт: да', '2020-06-25', '2020-06-25', 'tenderDoc620.zip'),
(621, 0, 1, 7, 2, 'тендер №621: проект 2; тип 7; дата начала: 2019-10-16; окончание приема заявок: 2019-11-04. тендер закрыт: да', '2019-11-04', '2019-11-04', 'tenderDoc621.zip'),
(622, 0, 1, 6, 4, 'тендер №622: проект 4; тип 6; дата начала: 2019-08-18; окончание приема заявок: 2019-09-02. тендер закрыт: да', '2019-09-02', '2019-09-02', 'tenderDoc622.zip'),
(623, 0, 1, 2, 4, 'тендер №623: проект 4; тип 2; дата начала: 2017-08-03; окончание приема заявок: 2017-08-19. тендер закрыт: да', '2017-08-19', '2017-08-19', 'tenderDoc623.zip'),
(624, 0, 1, 4, 3, 'тендер №624: проект 3; тип 4; дата начала: 2015-05-05; окончание приема заявок: 2015-05-20. тендер закрыт: да', '2015-05-20', '2015-05-20', 'tenderDoc624.zip'),
(625, 0, 0, 8, 4, 'тендер №625: проект 4; тип 8; дата начала: 2018-03-20; окончание приема заявок: 2018-04-07. тендер закрыт: нет', '2018-04-07', '2018-04-07', 'tenderDoc625.zip'),
(626, 0, 1, 1, 4, 'тендер №626: проект 4; тип 1; дата начала: 2020-01-23; окончание приема заявок: 2020-02-12. тендер закрыт: да', '2020-02-12', '2020-02-12', 'tenderDoc626.zip'),
(627, 0, 1, 8, 4, 'тендер №627: проект 4; тип 8; дата начала: 2019-01-15; окончание приема заявок: 2019-02-01. тендер закрыт: да', '2019-02-01', '2019-02-01', 'tenderDoc627.zip'),
(628, 0, 1, 2, 4, 'тендер №628: проект 4; тип 2; дата начала: 2020-05-06; окончание приема заявок: 2020-05-21. тендер закрыт: да', '2020-05-21', '2020-05-21', 'tenderDoc628.zip'),
(629, 0, 0, 5, 4, 'тендер №629: проект 4; тип 5; дата начала: 2020-10-08; окончание приема заявок: 2020-10-24. тендер закрыт: нет', '2020-10-24', '2020-10-24', 'tenderDoc629.zip'),
(630, 0, 0, 5, 3, 'тендер №630: проект 3; тип 5; дата начала: 2016-12-08; окончание приема заявок: 2016-12-23. тендер закрыт: нет', '2016-12-23', '2016-12-23', 'tenderDoc630.zip'),
(631, 0, 1, 5, 2, 'тендер №631: проект 2; тип 5; дата начала: 2015-07-14; окончание приема заявок: 2015-07-29. тендер закрыт: да', '2015-07-29', '2015-07-29', 'tenderDoc631.zip'),
(632, 0, 1, 5, 4, 'тендер №632: проект 4; тип 5; дата начала: 2015-11-18; окончание приема заявок: 2015-12-03. тендер закрыт: да', '2015-12-03', '2015-12-03', 'tenderDoc632.zip'),
(633, 0, 1, 3, 3, 'тендер №633: проект 3; тип 3; дата начала: 2019-03-12; окончание приема заявок: 2019-04-01. тендер закрыт: да', '2019-04-01', '2019-04-01', 'tenderDoc633.zip'),
(634, 0, 0, 8, 1, 'тендер №634: проект 1; тип 8; дата начала: 2015-10-24; окончание приема заявок: 2015-11-08. тендер закрыт: нет', '2015-11-08', '2015-11-08', 'tenderDoc634.zip'),
(635, 0, 1, 5, 4, 'тендер №635: проект 4; тип 5; дата начала: 2015-03-08; окончание приема заявок: 2015-03-28. тендер закрыт: да', '2015-03-28', '2015-03-28', 'tenderDoc635.zip'),
(636, 0, 1, 5, 4, 'тендер №636: проект 4; тип 5; дата начала: 2017-01-09; окончание приема заявок: 2017-01-28. тендер закрыт: да', '2017-01-28', '2017-01-28', 'tenderDoc636.zip'),
(637, 0, 1, 7, 3, 'тендер №637: проект 3; тип 7; дата начала: 2016-06-24; окончание приема заявок: 2016-07-14. тендер закрыт: да', '2016-07-14', '2016-07-14', 'tenderDoc637.zip'),
(638, 0, 1, 3, 3, 'тендер №638: проект 3; тип 3; дата начала: 2017-03-15; окончание приема заявок: 2017-03-30. тендер закрыт: да', '2017-03-30', '2017-03-30', 'tenderDoc638.zip'),
(639, 0, 1, 2, 2, 'тендер №639: проект 2; тип 2; дата начала: 2015-11-08; окончание приема заявок: 2015-11-27. тендер закрыт: да', '2015-11-27', '2015-11-27', 'tenderDoc639.zip'),
(640, 0, 1, 4, 4, 'тендер №640: проект 4; тип 4; дата начала: 2020-06-14; окончание приема заявок: 2020-06-30. тендер закрыт: да', '2020-06-30', '2020-06-30', 'tenderDoc640.zip'),
(641, 0, 1, 8, 4, 'тендер №641: проект 4; тип 8; дата начала: 2017-06-07; окончание приема заявок: 2017-06-23. тендер закрыт: да', '2017-06-23', '2017-06-23', 'tenderDoc641.zip'),
(642, 0, 1, 8, 4, 'тендер №642: проект 4; тип 8; дата начала: 2015-04-17; окончание приема заявок: 2015-05-05. тендер закрыт: да', '2015-05-05', '2015-05-05', 'tenderDoc642.zip'),
(643, 0, 0, 7, 3, 'тендер №643: проект 3; тип 7; дата начала: 2018-06-26; окончание приема заявок: 2018-07-11. тендер закрыт: нет', '2018-07-11', '2018-07-11', 'tenderDoc643.zip'),
(644, 0, 0, 7, 2, 'тендер №644: проект 2; тип 7; дата начала: 2018-07-25; окончание приема заявок: 2018-08-10. тендер закрыт: нет', '2018-08-10', '2018-08-10', 'tenderDoc644.zip'),
(645, 0, 0, 1, 4, 'тендер №645: проект 4; тип 1; дата начала: 2017-03-20; окончание приема заявок: 2017-04-05. тендер закрыт: нет', '2017-04-05', '2017-04-05', 'tenderDoc645.zip'),
(646, 0, 1, 2, 1, 'тендер №646: проект 1; тип 2; дата начала: 2017-03-03; окончание приема заявок: 2017-03-23. тендер закрыт: да', '2017-03-23', '2017-03-23', 'tenderDoc646.zip'),
(647, 0, 1, 2, 3, 'тендер №647: проект 3; тип 2; дата начала: 2019-03-25; окончание приема заявок: 2019-04-14. тендер закрыт: да', '2019-04-14', '2019-04-14', 'tenderDoc647.zip'),
(648, 0, 1, 3, 1, 'тендер №648: проект 1; тип 3; дата начала: 2019-07-09; окончание приема заявок: 2019-07-27. тендер закрыт: да', '2019-07-27', '2019-07-27', 'tenderDoc648.zip'),
(649, 0, 1, 4, 2, 'тендер №649: проект 2; тип 4; дата начала: 2020-01-07; окончание приема заявок: 2020-01-27. тендер закрыт: да', '2020-01-27', '2020-01-27', 'tenderDoc649.zip'),
(650, 0, 1, 4, 1, 'тендер №650: проект 1; тип 4; дата начала: 2020-01-03; окончание приема заявок: 2020-01-20. тендер закрыт: да', '2020-01-20', '2020-01-20', 'tenderDoc650.zip'),
(651, 0, 1, 2, 1, 'тендер №651: проект 1; тип 2; дата начала: 2016-07-02; окончание приема заявок: 2016-07-21. тендер закрыт: да', '2016-07-21', '2016-07-21', 'tenderDoc651.zip'),
(652, 0, 1, 6, 2, 'тендер №652: проект 2; тип 6; дата начала: 2015-06-24; окончание приема заявок: 2015-07-13. тендер закрыт: да', '2015-07-13', '2015-07-13', 'tenderDoc652.zip'),
(653, 0, 0, 7, 4, 'тендер №653: проект 4; тип 7; дата начала: 2018-08-27; окончание приема заявок: 2018-09-14. тендер закрыт: нет', '2018-09-14', '2018-09-14', 'tenderDoc653.zip'),
(654, 0, 1, 2, 4, 'тендер №654: проект 4; тип 2; дата начала: 2020-10-07; окончание приема заявок: 2020-10-25. тендер закрыт: да', '2020-10-25', '2020-10-25', 'tenderDoc654.zip'),
(655, 0, 0, 2, 1, 'тендер №655: проект 1; тип 2; дата начала: 2015-11-12; окончание приема заявок: 2015-12-02. тендер закрыт: нет', '2015-12-02', '2015-12-02', 'tenderDoc655.zip'),
(656, 0, 1, 4, 3, 'тендер №656: проект 3; тип 4; дата начала: 2015-12-20; окончание приема заявок: 2016-01-08. тендер закрыт: да', '2016-01-08', '2016-01-08', 'tenderDoc656.zip'),
(657, 0, 0, 5, 2, 'тендер №657: проект 2; тип 5; дата начала: 2020-08-23; окончание приема заявок: 2020-09-11. тендер закрыт: нет', '2020-09-11', '2020-09-11', 'tenderDoc657.zip'),
(658, 0, 1, 7, 3, 'тендер №658: проект 3; тип 7; дата начала: 2016-10-08; окончание приема заявок: 2016-10-26. тендер закрыт: да', '2016-10-26', '2016-10-26', 'tenderDoc658.zip'),
(659, 0, 1, 3, 4, 'тендер №659: проект 4; тип 3; дата начала: 2020-06-13; окончание приема заявок: 2020-06-29. тендер закрыт: да', '2020-06-29', '2020-06-29', 'tenderDoc659.zip'),
(660, 0, 1, 6, 3, 'тендер №660: проект 3; тип 6; дата начала: 2017-09-05; окончание приема заявок: 2017-09-24. тендер закрыт: да', '2017-09-24', '2017-09-24', 'tenderDoc660.zip'),
(661, 0, 0, 4, 2, 'тендер №661: проект 2; тип 4; дата начала: 2015-07-28; окончание приема заявок: 2015-08-16. тендер закрыт: нет', '2015-08-16', '2015-08-16', 'tenderDoc661.zip'),
(662, 0, 1, 3, 3, 'тендер №662: проект 3; тип 3; дата начала: 2018-02-06; окончание приема заявок: 2018-02-24. тендер закрыт: да', '2018-02-24', '2018-02-24', 'tenderDoc662.zip'),
(663, 0, 1, 4, 3, 'тендер №663: проект 3; тип 4; дата начала: 2016-09-05; окончание приема заявок: 2016-09-25. тендер закрыт: да', '2016-09-25', '2016-09-25', 'tenderDoc663.zip'),
(664, 0, 0, 5, 3, 'тендер №664: проект 3; тип 5; дата начала: 2015-12-06; окончание приема заявок: 2015-12-26. тендер закрыт: нет', '2015-12-26', '2015-12-26', 'tenderDoc664.zip'),
(665, 0, 0, 5, 1, 'тендер №665: проект 1; тип 5; дата начала: 2020-10-18; окончание приема заявок: 2020-11-05. тендер закрыт: нет', '2020-11-05', '2020-11-05', 'tenderDoc665.zip'),
(666, 0, 1, 4, 2, 'тендер №666: проект 2; тип 4; дата начала: 2017-12-25; окончание приема заявок: 2018-01-11. тендер закрыт: да', '2018-01-11', '2018-01-11', 'tenderDoc666.zip'),
(667, 0, 0, 8, 3, 'тендер №667: проект 3; тип 8; дата начала: 2018-04-08; окончание приема заявок: 2018-04-26. тендер закрыт: нет', '2018-04-26', '2018-04-26', 'tenderDoc667.zip'),
(668, 0, 0, 1, 2, 'тендер №668: проект 2; тип 1; дата начала: 2017-05-06; окончание приема заявок: 2017-05-24. тендер закрыт: нет', '2017-05-24', '2017-05-24', 'tenderDoc668.zip'),
(669, 0, 0, 3, 1, 'тендер №669: проект 1; тип 3; дата начала: 2017-05-25; окончание приема заявок: 2017-06-12. тендер закрыт: нет', '2017-06-12', '2017-06-12', 'tenderDoc669.zip'),
(670, 0, 1, 5, 2, 'тендер №670: проект 2; тип 5; дата начала: 2017-02-01; окончание приема заявок: 2017-02-21. тендер закрыт: да', '2017-02-21', '2017-02-21', 'tenderDoc670.zip'),
(671, 0, 1, 3, 3, 'тендер №671: проект 3; тип 3; дата начала: 2016-03-25; окончание приема заявок: 2016-04-14. тендер закрыт: да', '2016-04-14', '2016-04-14', 'tenderDoc671.zip'),
(672, 0, 1, 6, 4, 'тендер №672: проект 4; тип 6; дата начала: 2015-11-19; окончание приема заявок: 2015-12-04. тендер закрыт: да', '2015-12-04', '2015-12-04', 'tenderDoc672.zip'),
(673, 0, 0, 2, 1, 'тендер №673: проект 1; тип 2; дата начала: 2017-12-09; окончание приема заявок: 2017-12-29. тендер закрыт: нет', '2017-12-29', '2017-12-29', 'tenderDoc673.zip'),
(674, 0, 1, 6, 3, 'тендер №674: проект 3; тип 6; дата начала: 2019-12-19; окончание приема заявок: 2020-01-04. тендер закрыт: да', '2020-01-04', '2020-01-04', 'tenderDoc674.zip'),
(675, 0, 1, 3, 4, 'тендер №675: проект 4; тип 3; дата начала: 2016-10-08; окончание приема заявок: 2016-10-27. тендер закрыт: да', '2016-10-27', '2016-10-27', 'tenderDoc675.zip'),
(676, 0, 0, 4, 4, 'тендер №676: проект 4; тип 4; дата начала: 2017-10-28; окончание приема заявок: 2017-11-12. тендер закрыт: нет', '2017-11-12', '2017-11-12', 'tenderDoc676.zip'),
(677, 0, 0, 3, 1, 'тендер №677: проект 1; тип 3; дата начала: 2020-01-23; окончание приема заявок: 2020-02-12. тендер закрыт: нет', '2020-02-12', '2020-02-12', 'tenderDoc677.zip'),
(678, 0, 0, 8, 3, 'тендер №678: проект 3; тип 8; дата начала: 2020-01-06; окончание приема заявок: 2020-01-23. тендер закрыт: нет', '2020-01-23', '2020-01-23', 'tenderDoc678.zip'),
(679, 0, 1, 8, 2, 'тендер №679: проект 2; тип 8; дата начала: 2018-11-10; окончание приема заявок: 2018-11-27. тендер закрыт: да', '2018-11-27', '2018-11-27', 'tenderDoc679.zip'),
(680, 0, 1, 6, 4, 'тендер №680: проект 4; тип 6; дата начала: 2016-02-08; окончание приема заявок: 2016-02-24. тендер закрыт: да', '2016-02-24', '2016-02-24', 'tenderDoc680.zip'),
(681, 0, 0, 7, 2, 'тендер №681: проект 2; тип 7; дата начала: 2015-03-13; окончание приема заявок: 2015-03-29. тендер закрыт: нет', '2015-03-29', '2015-03-29', 'tenderDoc681.zip'),
(682, 0, 0, 6, 1, 'тендер №682: проект 1; тип 6; дата начала: 2018-10-15; окончание приема заявок: 2018-10-31. тендер закрыт: нет', '2018-10-31', '2018-10-31', 'tenderDoc682.zip'),
(683, 0, 1, 5, 1, 'тендер №683: проект 1; тип 5; дата начала: 2020-12-18; окончание приема заявок: 2021-01-02. тендер закрыт: да', '2021-01-02', '2021-01-02', 'tenderDoc683.zip'),
(684, 0, 1, 2, 3, 'тендер №684: проект 3; тип 2; дата начала: 2018-02-11; окончание приема заявок: 2018-02-28. тендер закрыт: да', '2018-02-28', '2018-02-28', 'tenderDoc684.zip'),
(685, 0, 1, 4, 3, 'тендер №685: проект 3; тип 4; дата начала: 2016-04-23; окончание приема заявок: 2016-05-12. тендер закрыт: да', '2016-05-12', '2016-05-12', 'tenderDoc685.zip'),
(686, 0, 0, 3, 2, 'тендер №686: проект 2; тип 3; дата начала: 2019-08-23; окончание приема заявок: 2019-09-07. тендер закрыт: нет', '2019-09-07', '2019-09-07', 'tenderDoc686.zip'),
(687, 0, 1, 5, 2, 'тендер №687: проект 2; тип 5; дата начала: 2018-07-26; окончание приема заявок: 2018-08-15. тендер закрыт: да', '2018-08-15', '2018-08-15', 'tenderDoc687.zip'),
(688, 0, 0, 8, 2, 'тендер №688: проект 2; тип 8; дата начала: 2020-02-26; окончание приема заявок: 2020-03-17. тендер закрыт: нет', '2020-03-17', '2020-03-17', 'tenderDoc688.zip'),
(689, 0, 0, 4, 1, 'тендер №689: проект 1; тип 4; дата начала: 2015-12-04; окончание приема заявок: 2015-12-23. тендер закрыт: нет', '2015-12-23', '2015-12-23', 'tenderDoc689.zip'),
(690, 0, 0, 6, 3, 'тендер №690: проект 3; тип 6; дата начала: 2019-08-14; окончание приема заявок: 2019-08-29. тендер закрыт: нет', '2019-08-29', '2019-08-29', 'tenderDoc690.zip'),
(691, 0, 1, 8, 1, 'тендер №691: проект 1; тип 8; дата начала: 2017-02-28; окончание приема заявок: 2017-03-17. тендер закрыт: да', '2017-03-17', '2017-03-17', 'tenderDoc691.zip'),
(692, 0, 1, 4, 3, 'тендер №692: проект 3; тип 4; дата начала: 2018-09-27; окончание приема заявок: 2018-10-15. тендер закрыт: да', '2018-10-15', '2018-10-15', 'tenderDoc692.zip'),
(693, 0, 1, 5, 4, 'тендер №693: проект 4; тип 5; дата начала: 2015-11-25; окончание приема заявок: 2015-12-11. тендер закрыт: да', '2015-12-11', '2015-12-11', 'tenderDoc693.zip'),
(694, 0, 1, 5, 1, 'тендер №694: проект 1; тип 5; дата начала: 2015-12-13; окончание приема заявок: 2016-01-01. тендер закрыт: да', '2016-01-01', '2016-01-01', 'tenderDoc694.zip'),
(695, 0, 1, 5, 2, 'тендер №695: проект 2; тип 5; дата начала: 2016-09-14; окончание приема заявок: 2016-10-01. тендер закрыт: да', '2016-10-01', '2016-10-01', 'tenderDoc695.zip'),
(696, 0, 1, 2, 1, 'тендер №696: проект 1; тип 2; дата начала: 2020-07-06; окончание приема заявок: 2020-07-25. тендер закрыт: да', '2020-07-25', '2020-07-25', 'tenderDoc696.zip'),
(697, 0, 1, 6, 2, 'тендер №697: проект 2; тип 6; дата начала: 2016-06-09; окончание приема заявок: 2016-06-28. тендер закрыт: да', '2016-06-28', '2016-06-28', 'tenderDoc697.zip'),
(698, 0, 0, 6, 3, 'тендер №698: проект 3; тип 6; дата начала: 2017-01-07; окончание приема заявок: 2017-01-26. тендер закрыт: нет', '2017-01-26', '2017-01-26', 'tenderDoc698.zip'),
(699, 0, 0, 8, 2, 'тендер №699: проект 2; тип 8; дата начала: 2019-01-04; окончание приема заявок: 2019-01-21. тендер закрыт: нет', '2019-01-21', '2019-01-21', 'tenderDoc699.zip'),
(700, 0, 1, 5, 4, 'тендер №700: проект 4; тип 5; дата начала: 2017-01-27; окончание приема заявок: 2017-02-14. тендер закрыт: да', '2017-02-14', '2017-02-14', 'tenderDoc700.zip'),
(701, 0, 1, 7, 1, 'тендер №701: проект 1; тип 7; дата начала: 2016-03-17; окончание приема заявок: 2016-04-05. тендер закрыт: да', '2016-04-05', '2016-04-05', 'tenderDoc701.zip'),
(702, 0, 0, 6, 2, 'тендер №702: проект 2; тип 6; дата начала: 2016-09-13; окончание приема заявок: 2016-10-02. тендер закрыт: нет', '2016-10-02', '2016-10-02', 'tenderDoc702.zip'),
(703, 0, 0, 7, 2, 'тендер №703: проект 2; тип 7; дата начала: 2015-04-27; окончание приема заявок: 2015-05-13. тендер закрыт: нет', '2015-05-13', '2015-05-13', 'tenderDoc703.zip'),
(704, 0, 0, 1, 1, 'тендер №704: проект 1; тип 1; дата начала: 2018-06-23; окончание приема заявок: 2018-07-09. тендер закрыт: нет', '2018-07-09', '2018-07-09', 'tenderDoc704.zip'),
(705, 0, 0, 4, 3, 'тендер №705: проект 3; тип 4; дата начала: 2017-10-25; окончание приема заявок: 2017-11-12. тендер закрыт: нет', '2017-11-12', '2017-11-12', 'tenderDoc705.zip'),
(706, 0, 1, 6, 2, 'тендер №706: проект 2; тип 6; дата начала: 2016-04-25; окончание приема заявок: 2016-05-14. тендер закрыт: да', '2016-05-14', '2016-05-14', 'tenderDoc706.zip'),
(707, 0, 1, 6, 1, 'тендер №707: проект 1; тип 6; дата начала: 2018-12-09; окончание приема заявок: 2018-12-26. тендер закрыт: да', '2018-12-26', '2018-12-26', 'tenderDoc707.zip'),
(708, 0, 0, 5, 2, 'тендер №708: проект 2; тип 5; дата начала: 2019-11-18; окончание приема заявок: 2019-12-05. тендер закрыт: нет', '2019-12-05', '2019-12-05', 'tenderDoc708.zip'),
(709, 0, 1, 1, 4, 'тендер №709: проект 4; тип 1; дата начала: 2017-04-26; окончание приема заявок: 2017-05-14. тендер закрыт: да', '2017-05-14', '2017-05-14', 'tenderDoc709.zip'),
(710, 0, 1, 8, 4, 'тендер №710: проект 4; тип 8; дата начала: 2017-01-17; окончание приема заявок: 2017-02-04. тендер закрыт: да', '2017-02-04', '2017-02-04', 'tenderDoc710.zip'),
(711, 0, 1, 1, 3, 'тендер №711: проект 3; тип 1; дата начала: 2018-08-22; окончание приема заявок: 2018-09-11. тендер закрыт: да', '2018-09-11', '2018-09-11', 'tenderDoc711.zip'),
(712, 0, 0, 4, 3, 'тендер №712: проект 3; тип 4; дата начала: 2016-05-05; окончание приема заявок: 2016-05-25. тендер закрыт: нет', '2016-05-25', '2016-05-25', 'tenderDoc712.zip'),
(713, 0, 0, 4, 4, 'тендер №713: проект 4; тип 4; дата начала: 2016-06-03; окончание приема заявок: 2016-06-22. тендер закрыт: нет', '2016-06-22', '2016-06-22', 'tenderDoc713.zip'),
(714, 0, 0, 4, 3, 'тендер №714: проект 3; тип 4; дата начала: 2018-07-11; окончание приема заявок: 2018-07-30. тендер закрыт: нет', '2018-07-30', '2018-07-30', 'tenderDoc714.zip'),
(715, 0, 0, 1, 2, 'тендер №715: проект 2; тип 1; дата начала: 2017-06-28; окончание приема заявок: 2017-07-17. тендер закрыт: нет', '2017-07-17', '2017-07-17', 'tenderDoc715.zip'),
(716, 0, 1, 2, 3, 'тендер №716: проект 3; тип 2; дата начала: 2015-02-15; окончание приема заявок: 2015-03-05. тендер закрыт: да', '2015-03-05', '2015-03-05', 'tenderDoc716.zip'),
(717, 0, 0, 3, 3, 'тендер №717: проект 3; тип 3; дата начала: 2017-12-07; окончание приема заявок: 2017-12-22. тендер закрыт: нет', '2017-12-22', '2017-12-22', 'tenderDoc717.zip'),
(718, 0, 1, 5, 3, 'тендер №718: проект 3; тип 5; дата начала: 2019-01-12; окончание приема заявок: 2019-01-31. тендер закрыт: да', '2019-01-31', '2019-01-31', 'tenderDoc718.zip'),
(719, 0, 1, 4, 3, 'тендер №719: проект 3; тип 4; дата начала: 2018-08-25; окончание приема заявок: 2018-09-11. тендер закрыт: да', '2018-09-11', '2018-09-11', 'tenderDoc719.zip'),
(720, 0, 0, 7, 3, 'тендер №720: проект 3; тип 7; дата начала: 2015-10-15; окончание приема заявок: 2015-11-01. тендер закрыт: нет', '2015-11-01', '2015-11-01', 'tenderDoc720.zip'),
(721, 0, 0, 8, 2, 'тендер №721: проект 2; тип 8; дата начала: 2016-09-04; окончание приема заявок: 2016-09-24. тендер закрыт: нет', '2016-09-24', '2016-09-24', 'tenderDoc721.zip'),
(722, 0, 0, 2, 3, 'тендер №722: проект 3; тип 2; дата начала: 2016-11-19; окончание приема заявок: 2016-12-07. тендер закрыт: нет', '2016-12-07', '2016-12-07', 'tenderDoc722.zip'),
(723, 0, 0, 2, 4, 'тендер №723: проект 4; тип 2; дата начала: 2020-11-02; окончание приема заявок: 2020-11-17. тендер закрыт: нет', '2020-11-17', '2020-11-17', 'tenderDoc723.zip'),
(724, 0, 1, 4, 4, 'тендер №724: проект 4; тип 4; дата начала: 2019-09-19; окончание приема заявок: 2019-10-06. тендер закрыт: да', '2019-10-06', '2019-10-06', 'tenderDoc724.zip'),
(725, 0, 0, 8, 1, 'тендер №725: проект 1; тип 8; дата начала: 2017-12-24; окончание приема заявок: 2018-01-11. тендер закрыт: нет', '2018-01-11', '2018-01-11', 'tenderDoc725.zip'),
(726, 0, 0, 1, 1, 'тендер №726: проект 1; тип 1; дата начала: 2016-04-20; окончание приема заявок: 2016-05-05. тендер закрыт: нет', '2016-05-05', '2016-05-05', 'tenderDoc726.zip'),
(727, 0, 1, 1, 4, 'тендер №727: проект 4; тип 1; дата начала: 2018-05-03; окончание приема заявок: 2018-05-20. тендер закрыт: да', '2018-05-20', '2018-05-20', 'tenderDoc727.zip'),
(728, 0, 0, 1, 3, 'тендер №728: проект 3; тип 1; дата начала: 2016-08-18; окончание приема заявок: 2016-09-04. тендер закрыт: нет', '2016-09-04', '2016-09-04', 'tenderDoc728.zip'),
(729, 0, 1, 5, 3, 'тендер №729: проект 3; тип 5; дата начала: 2015-02-27; окончание приема заявок: 2015-03-16. тендер закрыт: да', '2015-03-16', '2015-03-16', 'tenderDoc729.zip'),
(730, 0, 0, 1, 3, 'тендер №730: проект 3; тип 1; дата начала: 2017-10-24; окончание приема заявок: 2017-11-11. тендер закрыт: нет', '2017-11-11', '2017-11-11', 'tenderDoc730.zip'),
(731, 0, 0, 3, 3, 'тендер №731: проект 3; тип 3; дата начала: 2016-06-04; окончание приема заявок: 2016-06-24. тендер закрыт: нет', '2016-06-24', '2016-06-24', 'tenderDoc731.zip'),
(732, 0, 0, 2, 3, 'тендер №732: проект 3; тип 2; дата начала: 2020-07-04; окончание приема заявок: 2020-07-23. тендер закрыт: нет', '2020-07-23', '2020-07-23', 'tenderDoc732.zip'),
(733, 0, 1, 7, 3, 'тендер №733: проект 3; тип 7; дата начала: 2015-08-17; окончание приема заявок: 2015-09-03. тендер закрыт: да', '2015-09-03', '2015-09-03', 'tenderDoc733.zip'),
(734, 0, 0, 1, 1, 'тендер №734: проект 1; тип 1; дата начала: 2015-07-03; окончание приема заявок: 2015-07-18. тендер закрыт: нет', '2015-07-18', '2015-07-18', 'tenderDoc734.zip'),
(735, 0, 0, 4, 2, 'тендер №735: проект 2; тип 4; дата начала: 2016-09-15; окончание приема заявок: 2016-10-05. тендер закрыт: нет', '2016-10-05', '2016-10-05', 'tenderDoc735.zip'),
(736, 0, 1, 2, 3, 'тендер №736: проект 3; тип 2; дата начала: 2019-12-10; окончание приема заявок: 2019-12-25. тендер закрыт: да', '2019-12-25', '2019-12-25', 'tenderDoc736.zip'),
(737, 0, 1, 7, 2, 'тендер №737: проект 2; тип 7; дата начала: 2015-06-09; окончание приема заявок: 2015-06-26. тендер закрыт: да', '2015-06-26', '2015-06-26', 'tenderDoc737.zip'),
(738, 0, 0, 5, 1, 'тендер №738: проект 1; тип 5; дата начала: 2020-07-09; окончание приема заявок: 2020-07-25. тендер закрыт: нет', '2020-07-25', '2020-07-25', 'tenderDoc738.zip'),
(739, 0, 1, 5, 1, 'тендер №739: проект 1; тип 5; дата начала: 2020-07-03; окончание приема заявок: 2020-07-19. тендер закрыт: да', '2020-07-19', '2020-07-19', 'tenderDoc739.zip'),
(740, 0, 0, 7, 1, 'тендер №740: проект 1; тип 7; дата начала: 2016-06-22; окончание приема заявок: 2016-07-11. тендер закрыт: нет', '2016-07-11', '2016-07-11', 'tenderDoc740.zip'),
(741, 0, 0, 6, 2, 'тендер №741: проект 2; тип 6; дата начала: 2017-01-17; окончание приема заявок: 2017-02-01. тендер закрыт: нет', '2017-02-01', '2017-02-01', 'tenderDoc741.zip'),
(742, 0, 0, 6, 3, 'тендер №742: проект 3; тип 6; дата начала: 2020-08-05; окончание приема заявок: 2020-08-20. тендер закрыт: нет', '2020-08-20', '2020-08-20', 'tenderDoc742.zip'),
(743, 0, 1, 7, 4, 'тендер №743: проект 4; тип 7; дата начала: 2019-02-04; окончание приема заявок: 2019-02-21. тендер закрыт: да', '2019-02-21', '2019-02-21', 'tenderDoc743.zip'),
(744, 0, 1, 5, 1, 'тендер №744: проект 1; тип 5; дата начала: 2017-04-03; окончание приема заявок: 2017-04-18. тендер закрыт: да', '2017-04-18', '2017-04-18', 'tenderDoc744.zip'),
(745, 0, 0, 3, 2, 'тендер №745: проект 2; тип 3; дата начала: 2019-06-19; окончание приема заявок: 2019-07-08. тендер закрыт: нет', '2019-07-08', '2019-07-08', 'tenderDoc745.zip'),
(746, 0, 0, 5, 4, 'тендер №746: проект 4; тип 5; дата начала: 2017-01-28; окончание приема заявок: 2017-02-16. тендер закрыт: нет', '2017-02-16', '2017-02-16', 'tenderDoc746.zip'),
(747, 0, 0, 7, 4, 'тендер №747: проект 4; тип 7; дата начала: 2016-09-24; окончание приема заявок: 2016-10-10. тендер закрыт: нет', '2016-10-10', '2016-10-10', 'tenderDoc747.zip'),
(748, 0, 1, 1, 2, 'тендер №748: проект 2; тип 1; дата начала: 2020-08-13; окончание приема заявок: 2020-08-31. тендер закрыт: да', '2020-08-31', '2020-08-31', 'tenderDoc748.zip'),
(749, 0, 1, 2, 2, 'тендер №749: проект 2; тип 2; дата начала: 2016-01-26; окончание приема заявок: 2016-02-14. тендер закрыт: да', '2016-02-14', '2016-02-14', 'tenderDoc749.zip'),
(750, 0, 0, 5, 4, 'тендер №750: проект 4; тип 5; дата начала: 2020-09-20; окончание приема заявок: 2020-10-09. тендер закрыт: нет', '2020-10-09', '2020-10-09', 'tenderDoc750.zip'),
(751, 0, 0, 1, 2, 'тендер №751: проект 2; тип 1; дата начала: 2020-02-23; окончание приема заявок: 2020-03-09. тендер закрыт: нет', '2020-03-09', '2020-03-09', 'tenderDoc751.zip'),
(752, 0, 1, 7, 2, 'тендер №752: проект 2; тип 7; дата начала: 2016-06-16; окончание приема заявок: 2016-07-05. тендер закрыт: да', '2016-07-05', '2016-07-05', 'tenderDoc752.zip'),
(753, 0, 1, 4, 3, 'тендер №753: проект 3; тип 4; дата начала: 2019-05-10; окончание приема заявок: 2019-05-29. тендер закрыт: да', '2019-05-29', '2019-05-29', 'tenderDoc753.zip'),
(754, 0, 1, 8, 4, 'тендер №754: проект 4; тип 8; дата начала: 2019-07-08; окончание приема заявок: 2019-07-26. тендер закрыт: да', '2019-07-26', '2019-07-26', 'tenderDoc754.zip'),
(755, 0, 0, 8, 3, 'тендер №755: проект 3; тип 8; дата начала: 2015-03-26; окончание приема заявок: 2015-04-15. тендер закрыт: нет', '2015-04-15', '2015-04-15', 'tenderDoc755.zip'),
(756, 0, 0, 3, 1, 'тендер №756: проект 1; тип 3; дата начала: 2015-09-23; окончание приема заявок: 2015-10-12. тендер закрыт: нет', '2015-10-12', '2015-10-12', 'tenderDoc756.zip'),
(757, 0, 1, 4, 1, 'тендер №757: проект 1; тип 4; дата начала: 2018-11-23; окончание приема заявок: 2018-12-12. тендер закрыт: да', '2018-12-12', '2018-12-12', 'tenderDoc757.zip'),
(758, 0, 1, 8, 4, 'тендер №758: проект 4; тип 8; дата начала: 2018-01-03; окончание приема заявок: 2018-01-23. тендер закрыт: да', '2018-01-23', '2018-01-23', 'tenderDoc758.zip'),
(759, 0, 1, 2, 1, 'тендер №759: проект 1; тип 2; дата начала: 2020-12-27; окончание приема заявок: 2021-01-14. тендер закрыт: да', '2021-01-14', '2021-01-14', 'tenderDoc759.zip'),
(760, 0, 1, 3, 2, 'тендер №760: проект 2; тип 3; дата начала: 2017-01-26; окончание приема заявок: 2017-02-10. тендер закрыт: да', '2017-02-10', '2017-02-10', 'tenderDoc760.zip'),
(761, 0, 0, 4, 3, 'тендер №761: проект 3; тип 4; дата начала: 2020-06-20; окончание приема заявок: 2020-07-09. тендер закрыт: нет', '2020-07-09', '2020-07-09', 'tenderDoc761.zip'),
(762, 0, 0, 4, 4, 'тендер №762: проект 4; тип 4; дата начала: 2015-12-04; окончание приема заявок: 2015-12-21. тендер закрыт: нет', '2015-12-21', '2015-12-21', 'tenderDoc762.zip'),
(763, 0, 0, 3, 1, 'тендер №763: проект 1; тип 3; дата начала: 2015-03-10; окончание приема заявок: 2015-03-25. тендер закрыт: нет', '2015-03-25', '2015-03-25', 'tenderDoc763.zip'),
(764, 0, 0, 4, 1, 'тендер №764: проект 1; тип 4; дата начала: 2016-01-18; окончание приема заявок: 2016-02-02. тендер закрыт: нет', '2016-02-02', '2016-02-02', 'tenderDoc764.zip'),
(765, 0, 0, 2, 3, 'тендер №765: проект 3; тип 2; дата начала: 2015-05-24; окончание приема заявок: 2015-06-12. тендер закрыт: нет', '2015-06-12', '2015-06-12', 'tenderDoc765.zip'),
(766, 0, 1, 8, 2, 'тендер №766: проект 2; тип 8; дата начала: 2017-07-05; окончание приема заявок: 2017-07-24. тендер закрыт: да', '2017-07-24', '2017-07-24', 'tenderDoc766.zip'),
(767, 0, 1, 3, 4, 'тендер №767: проект 4; тип 3; дата начала: 2017-04-19; окончание приема заявок: 2017-05-08. тендер закрыт: да', '2017-05-08', '2017-05-08', 'tenderDoc767.zip'),
(768, 0, 0, 4, 1, 'тендер №768: проект 1; тип 4; дата начала: 2015-01-15; окончание приема заявок: 2015-01-30. тендер закрыт: нет', '2015-01-30', '2015-01-30', 'tenderDoc768.zip'),
(769, 0, 1, 2, 1, 'тендер №769: проект 1; тип 2; дата начала: 2016-09-13; окончание приема заявок: 2016-09-29. тендер закрыт: да', '2016-09-29', '2016-09-29', 'tenderDoc769.zip'),
(770, 0, 0, 7, 2, 'тендер №770: проект 2; тип 7; дата начала: 2015-07-17; окончание приема заявок: 2015-08-04. тендер закрыт: нет', '2015-08-04', '2015-08-04', 'tenderDoc770.zip'),
(771, 0, 1, 5, 1, 'тендер №771: проект 1; тип 5; дата начала: 2015-01-15; окончание приема заявок: 2015-02-03. тендер закрыт: да', '2015-02-03', '2015-02-03', 'tenderDoc771.zip'),
(772, 0, 0, 5, 4, 'тендер №772: проект 4; тип 5; дата начала: 2016-06-12; окончание приема заявок: 2016-07-02. тендер закрыт: нет', '2016-07-02', '2016-07-02', 'tenderDoc772.zip'),
(773, 0, 1, 3, 1, 'тендер №773: проект 1; тип 3; дата начала: 2018-04-20; окончание приема заявок: 2018-05-05. тендер закрыт: да', '2018-05-05', '2018-05-05', 'tenderDoc773.zip'),
(774, 0, 1, 3, 3, 'тендер №774: проект 3; тип 3; дата начала: 2019-02-13; окончание приема заявок: 2019-03-02. тендер закрыт: да', '2019-03-02', '2019-03-02', 'tenderDoc774.zip'),
(775, 0, 0, 7, 2, 'тендер №775: проект 2; тип 7; дата начала: 2018-01-12; окончание приема заявок: 2018-01-27. тендер закрыт: нет', '2018-01-27', '2018-01-27', 'tenderDoc775.zip'),
(776, 0, 1, 2, 4, 'тендер №776: проект 4; тип 2; дата начала: 2019-01-21; окончание приема заявок: 2019-02-09. тендер закрыт: да', '2019-02-09', '2019-02-09', 'tenderDoc776.zip'),
(777, 0, 0, 8, 1, 'тендер №777: проект 1; тип 8; дата начала: 2016-09-26; окончание приема заявок: 2016-10-14. тендер закрыт: нет', '2016-10-14', '2016-10-14', 'tenderDoc777.zip'),
(778, 0, 1, 1, 1, 'тендер №778: проект 1; тип 1; дата начала: 2015-05-13; окончание приема заявок: 2015-05-30. тендер закрыт: да', '2015-05-30', '2015-05-30', 'tenderDoc778.zip'),
(779, 0, 0, 2, 1, 'тендер №779: проект 1; тип 2; дата начала: 2017-11-11; окончание приема заявок: 2017-11-30. тендер закрыт: нет', '2017-11-30', '2017-11-30', 'tenderDoc779.zip'),
(780, 0, 0, 1, 1, 'тендер №780: проект 1; тип 1; дата начала: 2019-09-09; окончание приема заявок: 2019-09-26. тендер закрыт: нет', '2019-09-26', '2019-09-26', 'tenderDoc780.zip'),
(781, 0, 0, 6, 4, 'тендер №781: проект 4; тип 6; дата начала: 2019-02-07; окончание приема заявок: 2019-02-22. тендер закрыт: нет', '2019-02-22', '2019-02-22', 'tenderDoc781.zip'),
(782, 0, 1, 6, 2, 'тендер №782: проект 2; тип 6; дата начала: 2018-12-24; окончание приема заявок: 2019-01-10. тендер закрыт: да', '2019-01-10', '2019-01-10', 'tenderDoc782.zip'),
(783, 0, 1, 3, 4, 'тендер №783: проект 4; тип 3; дата начала: 2020-03-25; окончание приема заявок: 2020-04-14. тендер закрыт: да', '2020-04-14', '2020-04-14', 'tenderDoc783.zip'),
(784, 0, 1, 3, 2, 'тендер №784: проект 2; тип 3; дата начала: 2015-07-21; окончание приема заявок: 2015-08-05. тендер закрыт: да', '2015-08-05', '2015-08-05', 'tenderDoc784.zip'),
(785, 0, 0, 7, 2, 'тендер №785: проект 2; тип 7; дата начала: 2018-02-05; окончание приема заявок: 2018-02-22. тендер закрыт: нет', '2018-02-22', '2018-02-22', 'tenderDoc785.zip'),
(786, 0, 0, 6, 3, 'тендер №786: проект 3; тип 6; дата начала: 2015-01-24; окончание приема заявок: 2015-02-13. тендер закрыт: нет', '2015-02-13', '2015-02-13', 'tenderDoc786.zip'),
(787, 0, 0, 3, 2, 'тендер №787: проект 2; тип 3; дата начала: 2015-08-09; окончание приема заявок: 2015-08-26. тендер закрыт: нет', '2015-08-26', '2015-08-26', 'tenderDoc787.zip'),
(788, 0, 1, 2, 2, 'тендер №788: проект 2; тип 2; дата начала: 2019-11-11; окончание приема заявок: 2019-11-26. тендер закрыт: да', '2019-11-26', '2019-11-26', 'tenderDoc788.zip'),
(789, 0, 1, 1, 3, 'тендер №789: проект 3; тип 1; дата начала: 2018-08-26; окончание приема заявок: 2018-09-12. тендер закрыт: да', '2018-09-12', '2018-09-12', 'tenderDoc789.zip'),
(790, 0, 1, 3, 4, 'тендер №790: проект 4; тип 3; дата начала: 2017-09-06; окончание приема заявок: 2017-09-25. тендер закрыт: да', '2017-09-25', '2017-09-25', 'tenderDoc790.zip'),
(791, 0, 0, 4, 3, 'тендер №791: проект 3; тип 4; дата начала: 2017-07-24; окончание приема заявок: 2017-08-10. тендер закрыт: нет', '2017-08-10', '2017-08-10', 'tenderDoc791.zip'),
(792, 0, 0, 8, 3, 'тендер №792: проект 3; тип 8; дата начала: 2016-10-27; окончание приема заявок: 2016-11-16. тендер закрыт: нет', '2016-11-16', '2016-11-16', 'tenderDoc792.zip'),
(793, 0, 0, 1, 4, 'тендер №793: проект 4; тип 1; дата начала: 2015-07-06; окончание приема заявок: 2015-07-26. тендер закрыт: нет', '2015-07-26', '2015-07-26', 'tenderDoc793.zip'),
(794, 0, 1, 7, 1, 'тендер №794: проект 1; тип 7; дата начала: 2018-10-21; окончание приема заявок: 2018-11-08. тендер закрыт: да', '2018-11-08', '2018-11-08', 'tenderDoc794.zip'),
(795, 0, 1, 3, 1, 'тендер №795: проект 1; тип 3; дата начала: 2015-05-28; окончание приема заявок: 2015-06-13. тендер закрыт: да', '2015-06-13', '2015-06-13', 'tenderDoc795.zip'),
(796, 0, 0, 2, 3, 'тендер №796: проект 3; тип 2; дата начала: 2017-10-24; окончание приема заявок: 2017-11-12. тендер закрыт: нет', '2017-11-12', '2017-11-12', 'tenderDoc796.zip'),
(797, 0, 1, 6, 4, 'тендер №797: проект 4; тип 6; дата начала: 2017-06-05; окончание приема заявок: 2017-06-24. тендер закрыт: да', '2017-06-24', '2017-06-24', 'tenderDoc797.zip'),
(798, 0, 0, 3, 3, 'тендер №798: проект 3; тип 3; дата начала: 2015-08-10; окончание приема заявок: 2015-08-27. тендер закрыт: нет', '2015-08-27', '2015-08-27', 'tenderDoc798.zip'),
(799, 0, 1, 4, 2, 'тендер №799: проект 2; тип 4; дата начала: 2018-06-05; окончание приема заявок: 2018-06-22. тендер закрыт: да', '2018-06-22', '2018-06-22', 'tenderDoc799.zip'),
(800, 0, 1, 2, 3, 'тендер №800: проект 3; тип 2; дата начала: 2015-01-18; окончание приема заявок: 2015-02-05. тендер закрыт: да', '2015-02-05', '2015-02-05', 'tenderDoc800.zip'),
(801, 0, 0, 2, 2, 'тендер №801: проект 2; тип 2; дата начала: 2015-08-07; окончание приема заявок: 2015-08-27. тендер закрыт: нет', '2015-08-27', '2015-08-27', 'tenderDoc801.zip'),
(802, 0, 1, 1, 1, 'тендер №802: проект 1; тип 1; дата начала: 2019-08-12; окончание приема заявок: 2019-08-29. тендер закрыт: да', '2019-08-29', '2019-08-29', 'tenderDoc802.zip'),
(803, 0, 0, 8, 3, 'тендер №803: проект 3; тип 8; дата начала: 2015-12-14; окончание приема заявок: 2016-01-02. тендер закрыт: нет', '2016-01-02', '2016-01-02', 'tenderDoc803.zip'),
(804, 0, 0, 6, 3, 'тендер №804: проект 3; тип 6; дата начала: 2019-09-11; окончание приема заявок: 2019-09-27. тендер закрыт: нет', '2019-09-27', '2019-09-27', 'tenderDoc804.zip'),
(805, 0, 1, 1, 4, 'тендер №805: проект 4; тип 1; дата начала: 2018-06-19; окончание приема заявок: 2018-07-08. тендер закрыт: да', '2018-07-08', '2018-07-08', 'tenderDoc805.zip'),
(806, 0, 0, 5, 2, 'тендер №806: проект 2; тип 5; дата начала: 2019-09-23; окончание приема заявок: 2019-10-12. тендер закрыт: нет', '2019-10-12', '2019-10-12', 'tenderDoc806.zip'),
(807, 0, 0, 1, 3, 'тендер №807: проект 3; тип 1; дата начала: 2017-01-03; окончание приема заявок: 2017-01-21. тендер закрыт: нет', '2017-01-21', '2017-01-21', 'tenderDoc807.zip'),
(808, 0, 1, 8, 1, 'тендер №808: проект 1; тип 8; дата начала: 2018-02-22; окончание приема заявок: 2018-03-14. тендер закрыт: да', '2018-03-14', '2018-03-14', 'tenderDoc808.zip'),
(809, 0, 1, 4, 4, 'тендер №809: проект 4; тип 4; дата начала: 2018-02-20; окончание приема заявок: 2018-03-12. тендер закрыт: да', '2018-03-12', '2018-03-12', 'tenderDoc809.zip'),
(810, 0, 0, 4, 3, 'тендер №810: проект 3; тип 4; дата начала: 2015-01-10; окончание приема заявок: 2015-01-30. тендер закрыт: нет', '2015-01-30', '2015-01-30', 'tenderDoc810.zip'),
(811, 0, 1, 2, 1, 'тендер №811: проект 1; тип 2; дата начала: 2020-10-03; окончание приема заявок: 2020-10-18. тендер закрыт: да', '2020-10-18', '2020-10-18', 'tenderDoc811.zip'),
(812, 0, 0, 6, 4, 'тендер №812: проект 4; тип 6; дата начала: 2020-12-06; окончание приема заявок: 2020-12-26. тендер закрыт: нет', '2020-12-26', '2020-12-26', 'tenderDoc812.zip'),
(813, 0, 1, 7, 3, 'тендер №813: проект 3; тип 7; дата начала: 2015-04-08; окончание приема заявок: 2015-04-25. тендер закрыт: да', '2015-04-25', '2015-04-25', 'tenderDoc813.zip'),
(814, 0, 1, 6, 1, 'тендер №814: проект 1; тип 6; дата начала: 2018-11-02; окончание приема заявок: 2018-11-22. тендер закрыт: да', '2018-11-22', '2018-11-22', 'tenderDoc814.zip'),
(815, 0, 1, 7, 2, 'тендер №815: проект 2; тип 7; дата начала: 2015-07-24; окончание приема заявок: 2015-08-11. тендер закрыт: да', '2015-08-11', '2015-08-11', 'tenderDoc815.zip'),
(816, 0, 1, 3, 4, 'тендер №816: проект 4; тип 3; дата начала: 2019-10-15; окончание приема заявок: 2019-11-04. тендер закрыт: да', '2019-11-04', '2019-11-04', 'tenderDoc816.zip'),
(817, 0, 1, 6, 3, 'тендер №817: проект 3; тип 6; дата начала: 2018-06-20; окончание приема заявок: 2018-07-08. тендер закрыт: да', '2018-07-08', '2018-07-08', 'tenderDoc817.zip'),
(818, 0, 1, 3, 3, 'тендер №818: проект 3; тип 3; дата начала: 2018-06-19; окончание приема заявок: 2018-07-08. тендер закрыт: да', '2018-07-08', '2018-07-08', 'tenderDoc818.zip'),
(819, 0, 0, 3, 1, 'тендер №819: проект 1; тип 3; дата начала: 2015-07-24; окончание приема заявок: 2015-08-10. тендер закрыт: нет', '2015-08-10', '2015-08-10', 'tenderDoc819.zip'),
(820, 0, 0, 1, 4, 'тендер №820: проект 4; тип 1; дата начала: 2020-02-10; окончание приема заявок: 2020-02-28. тендер закрыт: нет', '2020-02-28', '2020-02-28', 'tenderDoc820.zip'),
(821, 0, 0, 2, 3, 'тендер №821: проект 3; тип 2; дата начала: 2019-03-28; окончание приема заявок: 2019-04-14. тендер закрыт: нет', '2019-04-14', '2019-04-14', 'tenderDoc821.zip'),
(822, 0, 0, 3, 4, 'тендер №822: проект 4; тип 3; дата начала: 2015-07-13; окончание приема заявок: 2015-07-29. тендер закрыт: нет', '2015-07-29', '2015-07-29', 'tenderDoc822.zip'),
(823, 0, 1, 6, 1, 'тендер №823: проект 1; тип 6; дата начала: 2020-08-03; окончание приема заявок: 2020-08-19. тендер закрыт: да', '2020-08-19', '2020-08-19', 'tenderDoc823.zip'),
(824, 0, 0, 1, 4, 'тендер №824: проект 4; тип 1; дата начала: 2015-02-20; окончание приема заявок: 2015-03-11. тендер закрыт: нет', '2015-03-11', '2015-03-11', 'tenderDoc824.zip'),
(825, 0, 1, 8, 2, 'тендер №825: проект 2; тип 8; дата начала: 2017-12-17; окончание приема заявок: 2018-01-04. тендер закрыт: да', '2018-01-04', '2018-01-04', 'tenderDoc825.zip'),
(826, 0, 0, 7, 1, 'тендер №826: проект 1; тип 7; дата начала: 2015-02-17; окончание приема заявок: 2015-03-05. тендер закрыт: нет', '2015-03-05', '2015-03-05', 'tenderDoc826.zip'),
(827, 0, 1, 2, 4, 'тендер №827: проект 4; тип 2; дата начала: 2018-07-14; окончание приема заявок: 2018-07-30. тендер закрыт: да', '2018-07-30', '2018-07-30', 'tenderDoc827.zip'),
(828, 0, 0, 3, 2, 'тендер №828: проект 2; тип 3; дата начала: 2018-10-12; окончание приема заявок: 2018-10-30. тендер закрыт: нет', '2018-10-30', '2018-10-30', 'tenderDoc828.zip'),
(829, 0, 1, 7, 2, 'тендер №829: проект 2; тип 7; дата начала: 2018-07-12; окончание приема заявок: 2018-07-28. тендер закрыт: да', '2018-07-28', '2018-07-28', 'tenderDoc829.zip'),
(830, 0, 0, 5, 1, 'тендер №830: проект 1; тип 5; дата начала: 2017-05-10; окончание приема заявок: 2017-05-26. тендер закрыт: нет', '2017-05-26', '2017-05-26', 'tenderDoc830.zip'),
(831, 0, 1, 4, 2, 'тендер №831: проект 2; тип 4; дата начала: 2017-05-25; окончание приема заявок: 2017-06-09. тендер закрыт: да', '2017-06-09', '2017-06-09', 'tenderDoc831.zip'),
(832, 0, 0, 6, 4, 'тендер №832: проект 4; тип 6; дата начала: 2016-09-21; окончание приема заявок: 2016-10-07. тендер закрыт: нет', '2016-10-07', '2016-10-07', 'tenderDoc832.zip'),
(833, 0, 1, 5, 2, 'тендер №833: проект 2; тип 5; дата начала: 2020-03-15; окончание приема заявок: 2020-03-31. тендер закрыт: да', '2020-03-31', '2020-03-31', 'tenderDoc833.zip'),
(834, 0, 1, 6, 4, 'тендер №834: проект 4; тип 6; дата начала: 2019-07-10; окончание приема заявок: 2019-07-28. тендер закрыт: да', '2019-07-28', '2019-07-28', 'tenderDoc834.zip'),
(835, 0, 0, 2, 1, 'тендер №835: проект 1; тип 2; дата начала: 2016-03-01; окончание приема заявок: 2016-03-18. тендер закрыт: нет', '2016-03-18', '2016-03-18', 'tenderDoc835.zip'),
(836, 0, 0, 1, 3, 'тендер №836: проект 3; тип 1; дата начала: 2015-08-16; окончание приема заявок: 2015-09-05. тендер закрыт: нет', '2015-09-05', '2015-09-05', 'tenderDoc836.zip'),
(837, 0, 0, 7, 1, 'тендер №837: проект 1; тип 7; дата начала: 2015-02-17; окончание приема заявок: 2015-03-07. тендер закрыт: нет', '2015-03-07', '2015-03-07', 'tenderDoc837.zip'),
(838, 0, 0, 6, 4, 'тендер №838: проект 4; тип 6; дата начала: 2016-01-10; окончание приема заявок: 2016-01-28. тендер закрыт: нет', '2016-01-28', '2016-01-28', 'tenderDoc838.zip'),
(839, 0, 0, 8, 3, 'тендер №839: проект 3; тип 8; дата начала: 2016-02-07; окончание приема заявок: 2016-02-26. тендер закрыт: нет', '2016-02-26', '2016-02-26', 'tenderDoc839.zip');
INSERT INTO `tenders` (`id`, `delete`, `close`, `type`, `project`, `description`, `date_open`, `date_close`, `documents`) VALUES
(840, 0, 1, 7, 3, 'тендер №840: проект 3; тип 7; дата начала: 2020-03-27; окончание приема заявок: 2020-04-15. тендер закрыт: да', '2020-04-15', '2020-04-15', 'tenderDoc840.zip'),
(841, 0, 1, 4, 1, 'тендер №841: проект 1; тип 4; дата начала: 2017-03-08; окончание приема заявок: 2017-03-23. тендер закрыт: да', '2017-03-23', '2017-03-23', 'tenderDoc841.zip'),
(842, 0, 1, 5, 3, 'тендер №842: проект 3; тип 5; дата начала: 2015-01-25; окончание приема заявок: 2015-02-11. тендер закрыт: да', '2015-02-11', '2015-02-11', 'tenderDoc842.zip'),
(843, 0, 0, 7, 1, 'тендер №843: проект 1; тип 7; дата начала: 2020-06-21; окончание приема заявок: 2020-07-09. тендер закрыт: нет', '2020-07-09', '2020-07-09', 'tenderDoc843.zip'),
(844, 0, 1, 5, 1, 'тендер №844: проект 1; тип 5; дата начала: 2018-09-12; окончание приема заявок: 2018-10-02. тендер закрыт: да', '2018-10-02', '2018-10-02', 'tenderDoc844.zip'),
(845, 0, 0, 6, 3, 'тендер №845: проект 3; тип 6; дата начала: 2015-06-07; окончание приема заявок: 2015-06-24. тендер закрыт: нет', '2015-06-24', '2015-06-24', 'tenderDoc845.zip'),
(846, 0, 0, 3, 1, 'тендер №846: проект 1; тип 3; дата начала: 2015-09-13; окончание приема заявок: 2015-10-03. тендер закрыт: нет', '2015-10-03', '2015-10-03', 'tenderDoc846.zip'),
(847, 0, 1, 4, 3, 'тендер №847: проект 3; тип 4; дата начала: 2018-02-06; окончание приема заявок: 2018-02-22. тендер закрыт: да', '2018-02-22', '2018-02-22', 'tenderDoc847.zip'),
(848, 0, 0, 6, 3, 'тендер №848: проект 3; тип 6; дата начала: 2018-03-11; окончание приема заявок: 2018-03-29. тендер закрыт: нет', '2018-03-29', '2018-03-29', 'tenderDoc848.zip'),
(849, 0, 0, 2, 1, 'тендер №849: проект 1; тип 2; дата начала: 2020-08-18; окончание приема заявок: 2020-09-04. тендер закрыт: нет', '2020-09-04', '2020-09-04', 'tenderDoc849.zip'),
(850, 0, 0, 7, 2, 'тендер №850: проект 2; тип 7; дата начала: 2020-08-28; окончание приема заявок: 2020-09-16. тендер закрыт: нет', '2020-09-16', '2020-09-16', 'tenderDoc850.zip'),
(851, 0, 1, 2, 4, 'тендер №851: проект 4; тип 2; дата начала: 2019-04-12; окончание приема заявок: 2019-04-29. тендер закрыт: да', '2019-04-29', '2019-04-29', 'tenderDoc851.zip'),
(852, 0, 0, 1, 3, 'тендер №852: проект 3; тип 1; дата начала: 2018-03-22; окончание приема заявок: 2018-04-07. тендер закрыт: нет', '2018-04-07', '2018-04-07', 'tenderDoc852.zip'),
(853, 0, 1, 2, 4, 'тендер №853: проект 4; тип 2; дата начала: 2016-01-27; окончание приема заявок: 2016-02-11. тендер закрыт: да', '2016-02-11', '2016-02-11', 'tenderDoc853.zip'),
(854, 0, 1, 3, 4, 'тендер №854: проект 4; тип 3; дата начала: 2020-04-27; окончание приема заявок: 2020-05-13. тендер закрыт: да', '2020-05-13', '2020-05-13', 'tenderDoc854.zip'),
(855, 0, 1, 6, 1, 'тендер №855: проект 1; тип 6; дата начала: 2015-03-05; окончание приема заявок: 2015-03-23. тендер закрыт: да', '2015-03-23', '2015-03-23', 'tenderDoc855.zip'),
(856, 0, 0, 2, 3, 'тендер №856: проект 3; тип 2; дата начала: 2015-02-20; окончание приема заявок: 2015-03-12. тендер закрыт: нет', '2015-03-12', '2015-03-12', 'tenderDoc856.zip'),
(857, 0, 1, 5, 4, 'тендер №857: проект 4; тип 5; дата начала: 2019-11-22; окончание приема заявок: 2019-12-09. тендер закрыт: да', '2019-12-09', '2019-12-09', 'tenderDoc857.zip'),
(858, 0, 0, 3, 3, 'тендер №858: проект 3; тип 3; дата начала: 2016-03-23; окончание приема заявок: 2016-04-10. тендер закрыт: нет', '2016-04-10', '2016-04-10', 'tenderDoc858.zip'),
(859, 0, 1, 1, 4, 'тендер №859: проект 4; тип 1; дата начала: 2020-10-14; окончание приема заявок: 2020-11-01. тендер закрыт: да', '2020-11-01', '2020-11-01', 'tenderDoc859.zip'),
(860, 0, 1, 3, 4, 'тендер №860: проект 4; тип 3; дата начала: 2018-09-16; окончание приема заявок: 2018-10-02. тендер закрыт: да', '2018-10-02', '2018-10-02', 'tenderDoc860.zip'),
(861, 0, 1, 2, 3, 'тендер №861: проект 3; тип 2; дата начала: 2017-06-05; окончание приема заявок: 2017-06-23. тендер закрыт: да', '2017-06-23', '2017-06-23', 'tenderDoc861.zip'),
(862, 0, 1, 2, 2, 'тендер №862: проект 2; тип 2; дата начала: 2017-12-03; окончание приема заявок: 2017-12-19. тендер закрыт: да', '2017-12-19', '2017-12-19', 'tenderDoc862.zip'),
(863, 0, 1, 6, 2, 'тендер №863: проект 2; тип 6; дата начала: 2018-03-06; окончание приема заявок: 2018-03-21. тендер закрыт: да', '2018-03-21', '2018-03-21', 'tenderDoc863.zip'),
(864, 0, 0, 8, 1, 'тендер №864: проект 1; тип 8; дата начала: 2017-02-10; окончание приема заявок: 2017-03-02. тендер закрыт: нет', '2017-03-02', '2017-03-02', 'tenderDoc864.zip'),
(865, 0, 0, 8, 2, 'тендер №865: проект 2; тип 8; дата начала: 2017-04-17; окончание приема заявок: 2017-05-03. тендер закрыт: нет', '2017-05-03', '2017-05-03', 'tenderDoc865.zip'),
(866, 0, 1, 4, 4, 'тендер №866: проект 4; тип 4; дата начала: 2019-05-25; окончание приема заявок: 2019-06-12. тендер закрыт: да', '2019-06-12', '2019-06-12', 'tenderDoc866.zip'),
(867, 0, 1, 8, 3, 'тендер №867: проект 3; тип 8; дата начала: 2015-01-07; окончание приема заявок: 2015-01-24. тендер закрыт: да', '2015-01-24', '2015-01-24', 'tenderDoc867.zip'),
(868, 0, 1, 6, 2, 'тендер №868: проект 2; тип 6; дата начала: 2020-03-24; окончание приема заявок: 2020-04-12. тендер закрыт: да', '2020-04-12', '2020-04-12', 'tenderDoc868.zip'),
(869, 0, 1, 7, 4, 'тендер №869: проект 4; тип 7; дата начала: 2019-12-22; окончание приема заявок: 2020-01-11. тендер закрыт: да', '2020-01-11', '2020-01-11', 'tenderDoc869.zip'),
(870, 0, 0, 4, 2, 'тендер №870: проект 2; тип 4; дата начала: 2018-02-10; окончание приема заявок: 2018-03-01. тендер закрыт: нет', '2018-03-01', '2018-03-01', 'tenderDoc870.zip'),
(871, 0, 1, 3, 2, 'тендер №871: проект 2; тип 3; дата начала: 2016-10-08; окончание приема заявок: 2016-10-26. тендер закрыт: да', '2016-10-26', '2016-10-26', 'tenderDoc871.zip'),
(872, 0, 0, 5, 4, 'тендер №872: проект 4; тип 5; дата начала: 2016-03-09; окончание приема заявок: 2016-03-24. тендер закрыт: нет', '2016-03-24', '2016-03-24', 'tenderDoc872.zip'),
(873, 0, 1, 5, 4, 'тендер №873: проект 4; тип 5; дата начала: 2019-01-19; окончание приема заявок: 2019-02-04. тендер закрыт: да', '2019-02-04', '2019-02-04', 'tenderDoc873.zip'),
(874, 0, 1, 1, 3, 'тендер №874: проект 3; тип 1; дата начала: 2020-06-24; окончание приема заявок: 2020-07-12. тендер закрыт: да', '2020-07-12', '2020-07-12', 'tenderDoc874.zip'),
(875, 0, 0, 7, 2, 'тендер №875: проект 2; тип 7; дата начала: 2017-05-08; окончание приема заявок: 2017-05-28. тендер закрыт: нет', '2017-05-28', '2017-05-28', 'tenderDoc875.zip'),
(876, 0, 1, 8, 1, 'тендер №876: проект 1; тип 8; дата начала: 2017-11-02; окончание приема заявок: 2017-11-18. тендер закрыт: да', '2017-11-18', '2017-11-18', 'tenderDoc876.zip'),
(877, 0, 0, 7, 4, 'тендер №877: проект 4; тип 7; дата начала: 2016-06-01; окончание приема заявок: 2016-06-19. тендер закрыт: нет', '2016-06-19', '2016-06-19', 'tenderDoc877.zip'),
(878, 0, 0, 7, 3, 'тендер №878: проект 3; тип 7; дата начала: 2016-07-26; окончание приема заявок: 2016-08-12. тендер закрыт: нет', '2016-08-12', '2016-08-12', 'tenderDoc878.zip'),
(879, 0, 1, 3, 3, 'тендер №879: проект 3; тип 3; дата начала: 2015-11-14; окончание приема заявок: 2015-11-30. тендер закрыт: да', '2015-11-30', '2015-11-30', 'tenderDoc879.zip'),
(880, 0, 0, 2, 2, 'тендер №880: проект 2; тип 2; дата начала: 2015-09-13; окончание приема заявок: 2015-09-30. тендер закрыт: нет', '2015-09-30', '2015-09-30', 'tenderDoc880.zip'),
(881, 0, 1, 3, 4, 'тендер №881: проект 4; тип 3; дата начала: 2018-03-28; окончание приема заявок: 2018-04-17. тендер закрыт: да', '2018-04-17', '2018-04-17', 'tenderDoc881.zip'),
(882, 0, 1, 3, 3, 'тендер №882: проект 3; тип 3; дата начала: 2017-12-14; окончание приема заявок: 2018-01-03. тендер закрыт: да', '2018-01-03', '2018-01-03', 'tenderDoc882.zip'),
(883, 0, 0, 8, 4, 'тендер №883: проект 4; тип 8; дата начала: 2015-02-12; окончание приема заявок: 2015-03-03. тендер закрыт: нет', '2015-03-03', '2015-03-03', 'tenderDoc883.zip'),
(884, 0, 0, 6, 3, 'тендер №884: проект 3; тип 6; дата начала: 2019-03-27; окончание приема заявок: 2019-04-11. тендер закрыт: нет', '2019-04-11', '2019-04-11', 'tenderDoc884.zip'),
(885, 0, 0, 2, 3, 'тендер №885: проект 3; тип 2; дата начала: 2017-06-22; окончание приема заявок: 2017-07-07. тендер закрыт: нет', '2017-07-07', '2017-07-07', 'tenderDoc885.zip'),
(886, 0, 0, 6, 1, 'тендер №886: проект 1; тип 6; дата начала: 2015-08-08; окончание приема заявок: 2015-08-24. тендер закрыт: нет', '2015-08-24', '2015-08-24', 'tenderDoc886.zip'),
(887, 0, 1, 3, 4, 'тендер №887: проект 4; тип 3; дата начала: 2019-06-07; окончание приема заявок: 2019-06-23. тендер закрыт: да', '2019-06-23', '2019-06-23', 'tenderDoc887.zip'),
(888, 0, 1, 1, 2, 'тендер №888: проект 2; тип 1; дата начала: 2017-08-08; окончание приема заявок: 2017-08-26. тендер закрыт: да', '2017-08-26', '2017-08-26', 'tenderDoc888.zip'),
(889, 0, 0, 7, 1, 'тендер №889: проект 1; тип 7; дата начала: 2016-10-10; окончание приема заявок: 2016-10-25. тендер закрыт: нет', '2016-10-25', '2016-10-25', 'tenderDoc889.zip'),
(890, 0, 1, 5, 1, 'тендер №890: проект 1; тип 5; дата начала: 2016-11-26; окончание приема заявок: 2016-12-11. тендер закрыт: да', '2016-12-11', '2016-12-11', 'tenderDoc890.zip'),
(891, 0, 1, 5, 2, 'тендер №891: проект 2; тип 5; дата начала: 2015-09-14; окончание приема заявок: 2015-10-03. тендер закрыт: да', '2015-10-03', '2015-10-03', 'tenderDoc891.zip'),
(892, 0, 1, 2, 4, 'тендер №892: проект 4; тип 2; дата начала: 2018-09-14; окончание приема заявок: 2018-10-01. тендер закрыт: да', '2018-10-01', '2018-10-01', 'tenderDoc892.zip'),
(893, 0, 0, 2, 1, 'тендер №893: проект 1; тип 2; дата начала: 2019-11-08; окончание приема заявок: 2019-11-25. тендер закрыт: нет', '2019-11-25', '2019-11-25', 'tenderDoc893.zip'),
(894, 0, 1, 2, 3, 'тендер №894: проект 3; тип 2; дата начала: 2020-11-28; окончание приема заявок: 2020-12-13. тендер закрыт: да', '2020-12-13', '2020-12-13', 'tenderDoc894.zip'),
(895, 0, 1, 8, 4, 'тендер №895: проект 4; тип 8; дата начала: 2019-11-15; окончание приема заявок: 2019-12-04. тендер закрыт: да', '2019-12-04', '2019-12-04', 'tenderDoc895.zip'),
(896, 0, 1, 7, 4, 'тендер №896: проект 4; тип 7; дата начала: 2019-03-24; окончание приема заявок: 2019-04-10. тендер закрыт: да', '2019-04-10', '2019-04-10', 'tenderDoc896.zip'),
(897, 0, 0, 1, 2, 'тендер №897: проект 2; тип 1; дата начала: 2016-06-05; окончание приема заявок: 2016-06-21. тендер закрыт: нет', '2016-06-21', '2016-06-21', 'tenderDoc897.zip'),
(898, 0, 1, 6, 2, 'тендер №898: проект 2; тип 6; дата начала: 2017-10-28; окончание приема заявок: 2017-11-12. тендер закрыт: да', '2017-11-12', '2017-11-12', 'tenderDoc898.zip'),
(899, 0, 0, 7, 1, 'тендер №899: проект 1; тип 7; дата начала: 2018-12-11; окончание приема заявок: 2018-12-31. тендер закрыт: нет', '2018-12-31', '2018-12-31', 'tenderDoc899.zip'),
(900, 0, 1, 6, 2, 'тендер №900: проект 2; тип 6; дата начала: 2018-04-14; окончание приема заявок: 2018-05-03. тендер закрыт: да', '2018-05-03', '2018-05-03', 'tenderDoc900.zip'),
(901, 0, 1, 6, 4, 'тендер №901: проект 4; тип 6; дата начала: 2018-02-18; окончание приема заявок: 2018-03-09. тендер закрыт: да', '2018-03-09', '2018-03-09', 'tenderDoc901.zip'),
(902, 0, 0, 1, 3, 'тендер №902: проект 3; тип 1; дата начала: 2017-09-27; окончание приема заявок: 2017-10-13. тендер закрыт: нет', '2017-10-13', '2017-10-13', 'tenderDoc902.zip'),
(903, 0, 0, 3, 3, 'тендер №903: проект 3; тип 3; дата начала: 2017-11-26; окончание приема заявок: 2017-12-14. тендер закрыт: нет', '2017-12-14', '2017-12-14', 'tenderDoc903.zip'),
(904, 0, 1, 6, 3, 'тендер №904: проект 3; тип 6; дата начала: 2017-10-21; окончание приема заявок: 2017-11-08. тендер закрыт: да', '2017-11-08', '2017-11-08', 'tenderDoc904.zip'),
(905, 0, 1, 5, 2, 'тендер №905: проект 2; тип 5; дата начала: 2018-03-14; окончание приема заявок: 2018-04-03. тендер закрыт: да', '2018-04-03', '2018-04-03', 'tenderDoc905.zip'),
(906, 0, 0, 3, 2, 'тендер №906: проект 2; тип 3; дата начала: 2018-08-18; окончание приема заявок: 2018-09-02. тендер закрыт: нет', '2018-09-02', '2018-09-02', 'tenderDoc906.zip'),
(907, 0, 1, 3, 1, 'тендер №907: проект 1; тип 3; дата начала: 2018-11-24; окончание приема заявок: 2018-12-14. тендер закрыт: да', '2018-12-14', '2018-12-14', 'tenderDoc907.zip'),
(908, 0, 1, 6, 2, 'тендер №908: проект 2; тип 6; дата начала: 2016-09-03; окончание приема заявок: 2016-09-21. тендер закрыт: да', '2016-09-21', '2016-09-21', 'tenderDoc908.zip'),
(909, 0, 1, 8, 3, 'тендер №909: проект 3; тип 8; дата начала: 2017-10-06; окончание приема заявок: 2017-10-22. тендер закрыт: да', '2017-10-22', '2017-10-22', 'tenderDoc909.zip'),
(910, 0, 1, 5, 1, 'тендер №910: проект 1; тип 5; дата начала: 2016-11-05; окончание приема заявок: 2016-11-21. тендер закрыт: да', '2016-11-21', '2016-11-21', 'tenderDoc910.zip'),
(911, 0, 1, 7, 4, 'тендер №911: проект 4; тип 7; дата начала: 2016-03-23; окончание приема заявок: 2016-04-11. тендер закрыт: да', '2016-04-11', '2016-04-11', 'tenderDoc911.zip'),
(912, 0, 1, 1, 2, 'тендер №912: проект 2; тип 1; дата начала: 2015-11-21; окончание приема заявок: 2015-12-09. тендер закрыт: да', '2015-12-09', '2015-12-09', 'tenderDoc912.zip'),
(913, 0, 1, 1, 3, 'тендер №913: проект 3; тип 1; дата начала: 2016-04-26; окончание приема заявок: 2016-05-14. тендер закрыт: да', '2016-05-14', '2016-05-14', 'tenderDoc913.zip'),
(914, 0, 0, 3, 3, 'тендер №914: проект 3; тип 3; дата начала: 2019-02-23; окончание приема заявок: 2019-03-13. тендер закрыт: нет', '2019-03-13', '2019-03-13', 'tenderDoc914.zip'),
(915, 0, 0, 6, 1, 'тендер №915: проект 1; тип 6; дата начала: 2019-12-14; окончание приема заявок: 2020-01-03. тендер закрыт: нет', '2020-01-03', '2020-01-03', 'tenderDoc915.zip'),
(916, 0, 1, 6, 3, 'тендер №916: проект 3; тип 6; дата начала: 2019-10-10; окончание приема заявок: 2019-10-27. тендер закрыт: да', '2019-10-27', '2019-10-27', 'tenderDoc916.zip'),
(917, 0, 0, 7, 3, 'тендер №917: проект 3; тип 7; дата начала: 2018-05-03; окончание приема заявок: 2018-05-20. тендер закрыт: нет', '2018-05-20', '2018-05-20', 'tenderDoc917.zip'),
(918, 0, 0, 2, 4, 'тендер №918: проект 4; тип 2; дата начала: 2018-12-20; окончание приема заявок: 2019-01-08. тендер закрыт: нет', '2019-01-08', '2019-01-08', 'tenderDoc918.zip'),
(919, 0, 1, 5, 2, 'тендер №919: проект 2; тип 5; дата начала: 2019-02-19; окончание приема заявок: 2019-03-08. тендер закрыт: да', '2019-03-08', '2019-03-08', 'tenderDoc919.zip'),
(920, 0, 1, 2, 2, 'тендер №920: проект 2; тип 2; дата начала: 2019-11-17; окончание приема заявок: 2019-12-07. тендер закрыт: да', '2019-12-07', '2019-12-07', 'tenderDoc920.zip'),
(921, 0, 0, 4, 3, 'тендер №921: проект 3; тип 4; дата начала: 2016-07-02; окончание приема заявок: 2016-07-18. тендер закрыт: нет', '2016-07-18', '2016-07-18', 'tenderDoc921.zip'),
(922, 0, 0, 3, 4, 'тендер №922: проект 4; тип 3; дата начала: 2019-04-26; окончание приема заявок: 2019-05-11. тендер закрыт: нет', '2019-05-11', '2019-05-11', 'tenderDoc922.zip'),
(923, 0, 1, 7, 1, 'тендер №923: проект 1; тип 7; дата начала: 2015-02-13; окончание приема заявок: 2015-02-28. тендер закрыт: да', '2015-02-28', '2015-02-28', 'tenderDoc923.zip'),
(924, 0, 0, 7, 2, 'тендер №924: проект 2; тип 7; дата начала: 2020-03-19; окончание приема заявок: 2020-04-04. тендер закрыт: нет', '2020-04-04', '2020-04-04', 'tenderDoc924.zip'),
(925, 0, 0, 6, 2, 'тендер №925: проект 2; тип 6; дата начала: 2016-06-18; окончание приема заявок: 2016-07-06. тендер закрыт: нет', '2016-07-06', '2016-07-06', 'tenderDoc925.zip'),
(926, 0, 0, 2, 2, 'тендер №926: проект 2; тип 2; дата начала: 2018-05-03; окончание приема заявок: 2018-05-18. тендер закрыт: нет', '2018-05-18', '2018-05-18', 'tenderDoc926.zip'),
(927, 0, 1, 4, 2, 'тендер №927: проект 2; тип 4; дата начала: 2020-05-26; окончание приема заявок: 2020-06-10. тендер закрыт: да', '2020-06-10', '2020-06-10', 'tenderDoc927.zip'),
(928, 0, 1, 1, 3, 'тендер №928: проект 3; тип 1; дата начала: 2019-01-19; окончание приема заявок: 2019-02-03. тендер закрыт: да', '2019-02-03', '2019-02-03', 'tenderDoc928.zip'),
(929, 0, 1, 3, 4, 'тендер №929: проект 4; тип 3; дата начала: 2019-08-07; окончание приема заявок: 2019-08-22. тендер закрыт: да', '2019-08-22', '2019-08-22', 'tenderDoc929.zip'),
(930, 0, 0, 2, 4, 'тендер №930: проект 4; тип 2; дата начала: 2019-01-05; окончание приема заявок: 2019-01-24. тендер закрыт: нет', '2019-01-24', '2019-01-24', 'tenderDoc930.zip'),
(931, 0, 1, 2, 2, 'тендер №931: проект 2; тип 2; дата начала: 2018-05-15; окончание приема заявок: 2018-06-01. тендер закрыт: да', '2018-06-01', '2018-06-01', 'tenderDoc931.zip'),
(932, 0, 1, 2, 4, 'тендер №932: проект 4; тип 2; дата начала: 2017-10-14; окончание приема заявок: 2017-11-01. тендер закрыт: да', '2017-11-01', '2017-11-01', 'tenderDoc932.zip'),
(933, 0, 1, 7, 4, 'тендер №933: проект 4; тип 7; дата начала: 2020-02-26; окончание приема заявок: 2020-03-13. тендер закрыт: да', '2020-03-13', '2020-03-13', 'tenderDoc933.zip'),
(934, 0, 0, 1, 2, 'тендер №934: проект 2; тип 1; дата начала: 2020-08-06; окончание приема заявок: 2020-08-23. тендер закрыт: нет', '2020-08-23', '2020-08-23', 'tenderDoc934.zip'),
(935, 0, 1, 2, 1, 'тендер №935: проект 1; тип 2; дата начала: 2017-04-01; окончание приема заявок: 2017-04-18. тендер закрыт: да', '2017-04-18', '2017-04-18', 'tenderDoc935.zip'),
(936, 0, 0, 5, 1, 'тендер №936: проект 1; тип 5; дата начала: 2019-04-14; окончание приема заявок: 2019-05-04. тендер закрыт: нет', '2019-05-04', '2019-05-04', 'tenderDoc936.zip'),
(937, 0, 1, 4, 4, 'тендер №937: проект 4; тип 4; дата начала: 2017-01-10; окончание приема заявок: 2017-01-26. тендер закрыт: да', '2017-01-26', '2017-01-26', 'tenderDoc937.zip'),
(938, 0, 0, 1, 1, 'тендер №938: проект 1; тип 1; дата начала: 2016-12-05; окончание приема заявок: 2016-12-25. тендер закрыт: нет', '2016-12-25', '2016-12-25', 'tenderDoc938.zip'),
(939, 0, 1, 2, 1, 'тендер №939: проект 1; тип 2; дата начала: 2020-11-09; окончание приема заявок: 2020-11-25. тендер закрыт: да', '2020-11-25', '2020-11-25', 'tenderDoc939.zip'),
(940, 0, 1, 6, 1, 'тендер №940: проект 1; тип 6; дата начала: 2016-02-01; окончание приема заявок: 2016-02-19. тендер закрыт: да', '2016-02-19', '2016-02-19', 'tenderDoc940.zip'),
(941, 0, 1, 4, 1, 'тендер №941: проект 1; тип 4; дата начала: 2015-11-08; окончание приема заявок: 2015-11-26. тендер закрыт: да', '2015-11-26', '2015-11-26', 'tenderDoc941.zip'),
(942, 0, 0, 8, 3, 'тендер №942: проект 3; тип 8; дата начала: 2019-11-02; окончание приема заявок: 2019-11-20. тендер закрыт: нет', '2019-11-20', '2019-11-20', 'tenderDoc942.zip'),
(943, 0, 0, 1, 2, 'тендер №943: проект 2; тип 1; дата начала: 2017-02-10; окончание приема заявок: 2017-02-26. тендер закрыт: нет', '2017-02-26', '2017-02-26', 'tenderDoc943.zip'),
(944, 0, 0, 4, 3, 'тендер №944: проект 3; тип 4; дата начала: 2020-05-12; окончание приема заявок: 2020-05-28. тендер закрыт: нет', '2020-05-28', '2020-05-28', 'tenderDoc944.zip'),
(945, 0, 1, 5, 3, 'тендер №945: проект 3; тип 5; дата начала: 2015-12-18; окончание приема заявок: 2016-01-02. тендер закрыт: да', '2016-01-02', '2016-01-02', 'tenderDoc945.zip'),
(946, 0, 1, 7, 1, 'тендер №946: проект 1; тип 7; дата начала: 2016-11-25; окончание приема заявок: 2016-12-13. тендер закрыт: да', '2016-12-13', '2016-12-13', 'tenderDoc946.zip'),
(947, 0, 1, 2, 2, 'тендер №947: проект 2; тип 2; дата начала: 2020-09-25; окончание приема заявок: 2020-10-15. тендер закрыт: да', '2020-10-15', '2020-10-15', 'tenderDoc947.zip'),
(948, 0, 0, 3, 1, 'тендер №948: проект 1; тип 3; дата начала: 2020-04-25; окончание приема заявок: 2020-05-14. тендер закрыт: нет', '2020-05-14', '2020-05-14', 'tenderDoc948.zip'),
(949, 0, 1, 6, 2, 'тендер №949: проект 2; тип 6; дата начала: 2015-01-09; окончание приема заявок: 2015-01-29. тендер закрыт: да', '2015-01-29', '2015-01-29', 'tenderDoc949.zip'),
(950, 0, 1, 4, 1, 'тендер №950: проект 1; тип 4; дата начала: 2017-10-22; окончание приема заявок: 2017-11-11. тендер закрыт: да', '2017-11-11', '2017-11-11', 'tenderDoc950.zip'),
(951, 0, 0, 5, 2, 'тендер №951: проект 2; тип 5; дата начала: 2017-05-06; окончание приема заявок: 2017-05-23. тендер закрыт: нет', '2017-05-23', '2017-05-23', 'tenderDoc951.zip'),
(952, 0, 0, 6, 4, 'тендер №952: проект 4; тип 6; дата начала: 2017-04-09; окончание приема заявок: 2017-04-29. тендер закрыт: нет', '2017-04-29', '2017-04-29', 'tenderDoc952.zip'),
(953, 0, 1, 3, 3, 'тендер №953: проект 3; тип 3; дата начала: 2016-01-27; окончание приема заявок: 2016-02-11. тендер закрыт: да', '2016-02-11', '2016-02-11', 'tenderDoc953.zip'),
(954, 0, 0, 5, 2, 'тендер №954: проект 2; тип 5; дата начала: 2016-03-27; окончание приема заявок: 2016-04-14. тендер закрыт: нет', '2016-04-14', '2016-04-14', 'tenderDoc954.zip'),
(955, 0, 0, 6, 3, 'тендер №955: проект 3; тип 6; дата начала: 2020-12-08; окончание приема заявок: 2020-12-26. тендер закрыт: нет', '2020-12-26', '2020-12-26', 'tenderDoc955.zip'),
(956, 0, 0, 8, 2, 'тендер №956: проект 2; тип 8; дата начала: 2017-01-20; окончание приема заявок: 2017-02-08. тендер закрыт: нет', '2017-02-08', '2017-02-08', 'tenderDoc956.zip'),
(957, 0, 0, 1, 2, 'тендер №957: проект 2; тип 1; дата начала: 2019-01-24; окончание приема заявок: 2019-02-10. тендер закрыт: нет', '2019-02-10', '2019-02-10', 'tenderDoc957.zip'),
(958, 0, 0, 4, 4, 'тендер №958: проект 4; тип 4; дата начала: 2017-12-26; окончание приема заявок: 2018-01-12. тендер закрыт: нет', '2018-01-12', '2018-01-12', 'tenderDoc958.zip'),
(959, 0, 0, 7, 4, 'тендер №959: проект 4; тип 7; дата начала: 2015-01-13; окончание приема заявок: 2015-01-30. тендер закрыт: нет', '2015-01-30', '2015-01-30', 'tenderDoc959.zip'),
(960, 0, 1, 8, 2, 'тендер №960: проект 2; тип 8; дата начала: 2019-10-26; окончание приема заявок: 2019-11-13. тендер закрыт: да', '2019-11-13', '2019-11-13', 'tenderDoc960.zip'),
(961, 0, 1, 8, 4, 'тендер №961: проект 4; тип 8; дата начала: 2015-10-25; окончание приема заявок: 2015-11-11. тендер закрыт: да', '2015-11-11', '2015-11-11', 'tenderDoc961.zip'),
(962, 0, 1, 5, 3, 'тендер №962: проект 3; тип 5; дата начала: 2016-12-17; окончание приема заявок: 2017-01-01. тендер закрыт: да', '2017-01-01', '2017-01-01', 'tenderDoc962.zip'),
(963, 0, 1, 8, 3, 'тендер №963: проект 3; тип 8; дата начала: 2015-08-06; окончание приема заявок: 2015-08-22. тендер закрыт: да', '2015-08-22', '2015-08-22', 'tenderDoc963.zip'),
(964, 0, 1, 3, 4, 'тендер №964: проект 4; тип 3; дата начала: 2018-08-15; окончание приема заявок: 2018-08-30. тендер закрыт: да', '2018-08-30', '2018-08-30', 'tenderDoc964.zip'),
(965, 0, 0, 5, 3, 'тендер №965: проект 3; тип 5; дата начала: 2016-01-12; окончание приема заявок: 2016-01-27. тендер закрыт: нет', '2016-01-27', '2016-01-27', 'tenderDoc965.zip'),
(966, 0, 0, 7, 1, 'тендер №966: проект 1; тип 7; дата начала: 2015-01-20; окончание приема заявок: 2015-02-06. тендер закрыт: нет', '2015-02-06', '2015-02-06', 'tenderDoc966.zip'),
(967, 0, 1, 2, 2, 'тендер №967: проект 2; тип 2; дата начала: 2017-06-03; окончание приема заявок: 2017-06-20. тендер закрыт: да', '2017-06-20', '2017-06-20', 'tenderDoc967.zip'),
(968, 0, 1, 5, 1, 'тендер №968: проект 1; тип 5; дата начала: 2018-10-18; окончание приема заявок: 2018-11-06. тендер закрыт: да', '2018-11-06', '2018-11-06', 'tenderDoc968.zip'),
(969, 0, 0, 2, 3, 'тендер №969: проект 3; тип 2; дата начала: 2020-04-06; окончание приема заявок: 2020-04-23. тендер закрыт: нет', '2020-04-23', '2020-04-23', 'tenderDoc969.zip'),
(970, 0, 0, 6, 1, 'тендер №970: проект 1; тип 6; дата начала: 2018-10-22; окончание приема заявок: 2018-11-07. тендер закрыт: нет', '2018-11-07', '2018-11-07', 'tenderDoc970.zip'),
(971, 0, 1, 1, 3, 'тендер №971: проект 3; тип 1; дата начала: 2016-02-26; окончание приема заявок: 2016-03-16. тендер закрыт: да', '2016-03-16', '2016-03-16', 'tenderDoc971.zip'),
(972, 0, 1, 3, 1, 'тендер №972: проект 1; тип 3; дата начала: 2018-12-01; окончание приема заявок: 2018-12-16. тендер закрыт: да', '2018-12-16', '2018-12-16', 'tenderDoc972.zip'),
(973, 0, 0, 5, 3, 'тендер №973: проект 3; тип 5; дата начала: 2015-08-13; окончание приема заявок: 2015-08-29. тендер закрыт: нет', '2015-08-29', '2015-08-29', 'tenderDoc973.zip'),
(974, 0, 0, 7, 3, 'тендер №974: проект 3; тип 7; дата начала: 2015-05-19; окончание приема заявок: 2015-06-06. тендер закрыт: нет', '2015-06-06', '2015-06-06', 'tenderDoc974.zip'),
(975, 0, 0, 2, 4, 'тендер №975: проект 4; тип 2; дата начала: 2020-04-10; окончание приема заявок: 2020-04-25. тендер закрыт: нет', '2020-04-25', '2020-04-25', 'tenderDoc975.zip'),
(976, 0, 1, 8, 3, 'тендер №976: проект 3; тип 8; дата начала: 2019-11-22; окончание приема заявок: 2019-12-11. тендер закрыт: да', '2019-12-11', '2019-12-11', 'tenderDoc976.zip'),
(977, 0, 1, 6, 4, 'тендер №977: проект 4; тип 6; дата начала: 2019-05-24; окончание приема заявок: 2019-06-13. тендер закрыт: да', '2019-06-13', '2019-06-13', 'tenderDoc977.zip'),
(978, 0, 1, 6, 4, 'тендер №978: проект 4; тип 6; дата начала: 2015-05-18; окончание приема заявок: 2015-06-05. тендер закрыт: да', '2015-06-05', '2015-06-05', 'tenderDoc978.zip'),
(979, 0, 1, 8, 2, 'тендер №979: проект 2; тип 8; дата начала: 2019-05-14; окончание приема заявок: 2019-05-31. тендер закрыт: да', '2019-05-31', '2019-05-31', 'tenderDoc979.zip'),
(980, 0, 1, 8, 1, 'тендер №980: проект 1; тип 8; дата начала: 2018-11-24; окончание приема заявок: 2018-12-09. тендер закрыт: да', '2018-12-09', '2018-12-09', 'tenderDoc980.zip'),
(981, 0, 1, 5, 3, 'тендер №981: проект 3; тип 5; дата начала: 2019-12-20; окончание приема заявок: 2020-01-05. тендер закрыт: да', '2020-01-05', '2020-01-05', 'tenderDoc981.zip'),
(982, 0, 0, 1, 3, 'тендер №982: проект 3; тип 1; дата начала: 2016-11-12; окончание приема заявок: 2016-11-27. тендер закрыт: нет', '2016-11-27', '2016-11-27', 'tenderDoc982.zip'),
(983, 0, 1, 1, 2, 'тендер №983: проект 2; тип 1; дата начала: 2019-01-16; окончание приема заявок: 2019-02-01. тендер закрыт: да', '2019-02-01', '2019-02-01', 'tenderDoc983.zip'),
(984, 0, 0, 8, 1, 'тендер №984: проект 1; тип 8; дата начала: 2017-03-12; окончание приема заявок: 2017-03-27. тендер закрыт: нет', '2017-03-27', '2017-03-27', 'tenderDoc984.zip'),
(985, 0, 1, 7, 3, 'тендер №985: проект 3; тип 7; дата начала: 2017-12-21; окончание приема заявок: 2018-01-09. тендер закрыт: да', '2018-01-09', '2018-01-09', 'tenderDoc985.zip'),
(986, 0, 0, 6, 3, 'тендер №986: проект 3; тип 6; дата начала: 2015-11-12; окончание приема заявок: 2015-11-30. тендер закрыт: нет', '2015-11-30', '2015-11-30', 'tenderDoc986.zip'),
(987, 0, 1, 6, 3, 'тендер №987: проект 3; тип 6; дата начала: 2020-08-28; окончание приема заявок: 2020-09-15. тендер закрыт: да', '2020-09-15', '2020-09-15', 'tenderDoc987.zip'),
(988, 0, 1, 8, 4, 'тендер №988: проект 4; тип 8; дата начала: 2019-06-07; окончание приема заявок: 2019-06-27. тендер закрыт: да', '2019-06-27', '2019-06-27', 'tenderDoc988.zip'),
(989, 0, 1, 3, 1, 'тендер №989: проект 1; тип 3; дата начала: 2015-07-01; окончание приема заявок: 2015-07-18. тендер закрыт: да', '2015-07-18', '2015-07-18', 'tenderDoc989.zip'),
(990, 0, 0, 7, 2, 'тендер №990: проект 2; тип 7; дата начала: 2020-06-06; окончание приема заявок: 2020-06-22. тендер закрыт: нет', '2020-06-22', '2020-06-22', 'tenderDoc990.zip'),
(991, 0, 0, 3, 1, 'тендер №991: проект 1; тип 3; дата начала: 2015-01-15; окончание приема заявок: 2015-02-02. тендер закрыт: нет', '2015-02-02', '2015-02-02', 'tenderDoc991.zip'),
(992, 0, 1, 8, 3, 'тендер №992: проект 3; тип 8; дата начала: 2017-04-17; окончание приема заявок: 2017-05-07. тендер закрыт: да', '2017-05-07', '2017-05-07', 'tenderDoc992.zip'),
(993, 0, 0, 7, 1, 'тендер №993: проект 1; тип 7; дата начала: 2016-02-24; окончание приема заявок: 2016-03-14. тендер закрыт: нет', '2016-03-14', '2016-03-14', 'tenderDoc993.zip'),
(994, 0, 1, 5, 2, 'тендер №994: проект 2; тип 5; дата начала: 2017-01-27; окончание приема заявок: 2017-02-12. тендер закрыт: да', '2017-02-12', '2017-02-12', 'tenderDoc994.zip'),
(995, 0, 0, 4, 2, 'тендер №995: проект 2; тип 4; дата начала: 2016-09-04; окончание приема заявок: 2016-09-22. тендер закрыт: нет', '2016-09-22', '2016-09-22', 'tenderDoc995.zip'),
(996, 0, 0, 8, 3, 'тендер №996: проект 3; тип 8; дата начала: 2018-02-17; окончание приема заявок: 2018-03-08. тендер закрыт: нет', '2018-03-08', '2018-03-08', 'tenderDoc996.zip'),
(997, 0, 1, 6, 2, 'тендер №997: проект 2; тип 6; дата начала: 2016-05-07; окончание приема заявок: 2016-05-27. тендер закрыт: да', '2016-05-27', '2016-05-27', 'tenderDoc997.zip'),
(998, 0, 0, 3, 3, 'тендер №998: проект 3; тип 3; дата начала: 2015-07-02; окончание приема заявок: 2015-07-21. тендер закрыт: нет', '2015-07-21', '2015-07-21', 'tenderDoc998.zip'),
(999, 0, 1, 6, 3, 'тендер №999: проект 3; тип 6; дата начала: 2018-04-02; окончание приема заявок: 2018-04-17. тендер закрыт: да', '2018-04-17', '2018-04-17', 'tenderDoc999.zip'),
(1000, 0, 0, 3, 3, 'тендер №1000: проект 3; тип 3; дата начала: 2019-12-17; окончание приема заявок: 2020-01-05. тендер закрыт: нет', '2020-01-05', '2020-01-05', 'tenderDoc1000.zip');

-- --------------------------------------------------------

--
-- Структура таблицы `type`
--

CREATE TABLE `type` (
  `id` int(3) NOT NULL,
  `uid` int(11) DEFAULT NULL,
  `name` varchar(256) NOT NULL
) ENGINE=InnoDB DEFAULT CHARSET=utf8;

--
-- Дамп данных таблицы `type`
--

INSERT INTO `type` (`id`, `uid`, `name`) VALUES
(1, NULL, 'тип 1'),
(2, NULL, 'тип 2'),
(3, NULL, 'тип 3'),
(4, NULL, 'тип 4'),
(5, NULL, 'тип 5'),
(6, NULL, 'тип 6'),
(7, NULL, 'тип 7'),
(8, NULL, 'тип 8');

-- --------------------------------------------------------

--
-- Структура таблицы `users`
--

CREATE TABLE `users` (
  `id` int(14) NOT NULL,
  `inn` varchar(14) NOT NULL,
  `email` varchar(1024) NOT NULL,
  `phone` varchar(12) DEFAULT NULL,
  `password` varchar(1024) DEFAULT NULL,
  `action` tinyint(1) NOT NULL DEFAULT '0',
  `name` varchar(1024) DEFAULT NULL,
  `address_legal` varchar(1024) DEFAULT NULL,
  `address_actual` varchar(1024) DEFAULT NULL,
  `admin` tinyint(1) NOT NULL DEFAULT '0'
) ENGINE=InnoDB DEFAULT CHARSET=utf8;

--
-- Дамп данных таблицы `users`
--

INSERT INTO `users` (`id`, `inn`, `email`, `phone`, `password`, `action`, `name`, `address_legal`, `address_actual`, `admin`) VALUES
(4, 'admin', 'vlad25013600@gmail.com', '+79687304028', '$2y$10$2ZtHF5qLCxlHM71LfHeCOuUoyOWOu3wM1Nnvfvi7aLNQLLuKqttlW', 1, 'admin', NULL, NULL, 1);

--
-- Индексы сохранённых таблиц
--

--
-- Индексы таблицы `contacts`
--
ALTER TABLE `contacts`
  ADD PRIMARY KEY (`id`);

--
-- Индексы таблицы `log`
--
ALTER TABLE `log`
  ADD UNIQUE KEY `id` (`id`);

--
-- Индексы таблицы `project`
--
ALTER TABLE `project`
  ADD PRIMARY KEY (`id`);

--
-- Индексы таблицы `tenders`
--
ALTER TABLE `tenders`
  ADD PRIMARY KEY (`id`);

--
-- Индексы таблицы `type`
--
ALTER TABLE `type`
  ADD PRIMARY KEY (`id`);

--
-- Индексы таблицы `users`
--
ALTER TABLE `users`
  ADD PRIMARY KEY (`id`);

--
-- AUTO_INCREMENT для сохранённых таблиц
--

--
-- AUTO_INCREMENT для таблицы `contacts`
--
ALTER TABLE `contacts`
  MODIFY `id` tinyint(2) NOT NULL AUTO_INCREMENT, AUTO_INCREMENT=5;

--
-- AUTO_INCREMENT для таблицы `project`
--
ALTER TABLE `project`
  MODIFY `id` int(3) NOT NULL AUTO_INCREMENT, AUTO_INCREMENT=5;

--
-- AUTO_INCREMENT для таблицы `tenders`
--
ALTER TABLE `tenders`
  MODIFY `id` int(5) NOT NULL AUTO_INCREMENT, AUTO_INCREMENT=4005;

--
-- AUTO_INCREMENT для таблицы `type`
--
ALTER TABLE `type`
  MODIFY `id` int(3) NOT NULL AUTO_INCREMENT, AUTO_INCREMENT=10;

--
-- AUTO_INCREMENT для таблицы `users`
--
ALTER TABLE `users`
  MODIFY `id` int(14) NOT NULL AUTO_INCREMENT, AUTO_INCREMENT=5;
COMMIT;

/*!40101 SET CHARACTER_SET_CLIENT=@OLD_CHARACTER_SET_CLIENT */;
/*!40101 SET CHARACTER_SET_RESULTS=@OLD_CHARACTER_SET_RESULTS */;
/*!40101 SET COLLATION_CONNECTION=@OLD_COLLATION_CONNECTION */;
